{
	"credit": "Made with Blockbench",
	"parent": "item/guns/shotguns/remington870/unscoped",
	"display": {
		"thirdperson_righthand": {
			"rotation": [0, -90, 0],
			"translation": [0, 4.5, -4],
			"scale": [0.75, 0.5, 0.5]
		},
		"thirdperson_lefthand": {
			"scale": [0.75, 0.5, 0.5],
			"rotation": [0, 90, 0],
			"translation": [0, 4.5, -4]
		},
		"firstperson_righthand": {
			"translation": [-8.45, 10.45, -3],
			"rotation": [1, -90, 0]
		},
		"firstperson_lefthand": {
			"rotation": [1.5, 90, 0],
			"translation": [-9.5, 10.5, -2.7]
		},
		"ground": {
			"scale": [0.75, 0.5, 0.5],
			"translation": [0, 8, 0]
		},
		"fixed": {
			"scale": [0.75, 0.5, 0.5],
			"translation": [0, 4, -1.5]
		},
		"gui": {
			"scale": [0.45, 0.3, 0.3],
			"rotation": [25, 50, 0],
			"translation": [-0.25, 2, 0]
		}
	}
}