{"providers":[{"type":"bitmap","file":"minecraft:space/indicator/indicator_0.png","ascent":64,"height":128,"chars":["",""]},{"type":"bitmap","file":"minecraft:space/indicator/indicator_1.png","ascent":64,"height":128,"chars":["",""]},{"type":"bitmap","file":"minecraft:space/indicator/indicator_2.png","ascent":64,"height":128,"chars":["",""]},{"type":"bitmap","file":"minecraft:space/indicator/indicator_3.png","ascent":64,"height":128,"chars":["",""]},{"type":"bitmap","file":"minecraft:space/indicator/indicator_4.png","ascent":64,"height":128,"chars":["",""]},{"type":"bitmap","file":"minecraft:space/indicator/indicator_5.png","ascent":64,"height":128,"chars":["",""]},{"type":"bitmap","file":"minecraft:space/indicator/indicator_6.png","ascent":64,"height":128,"chars":["",""]},{"type":"bitmap","file":"minecraft:space/indicator/indicator_7.png","ascent":64,"height":128,"chars":[""]}]}