{
	"credit": "Made with Blockbench",
	"parent": "item/guns/pistols/laser_pistol/unscoped",
	"display": {
		"thirdperson_righthand": {
			"scale": [0.8, 0.8, 0.8],
			"translation": [-6, 4.25, 1.25]
		},
		"thirdperson_lefthand": {
			"scale": [0.8, 0.8, 0.8],
			"translation": [-6, 4.25, 1.25]
		},
		"firstperson_righthand": {
			"translation": [0, 6, 0]
		},
		"firstperson_lefthand": {
			"translation": [0, 6, 0]
		},
		"head": {
			"rotation": [90, -164, 90],
			"translation": [4, -20, 4]
		},
		"ground": {
			"scale": [0.8, 0.8, 0.8],
			"translation": [0, 6, 2]
		},
		"fixed": {
			"rotation": [0, 90, 0],
			"translation": [1.5, 5, -1]
		},
		"gui": {
			"rotation": [19, 143, 0],
			"translation": [1.5, 5, 0]
		}
	}
}