{
    "parent": "builtin/entity",
    "textures": {
        "particle": "block/dark_oak_planks"
    },
    "display": {
        "thirdperson_righthand": {
            "rotation": [ 0, 90, 0 ],
            "translation": [ 10, 6, -4 ],
            "scale": [ 1, 1, 1 ]
        },
        "thirdperson_lefthand": {
            "rotation": [ 0, 90, 0 ],
            "translation": [ 10, 6, 12 ],
            "scale": [ 1, 1, 1 ]
        },
        "firstperson_righthand": {
            "rotation": [ 0, 180, 5 ],
            "translation": [ -10, 2, -10 ],
            "scale": [ 1.25, 1.25, 1.25 ]
        },
        "firstperson_lefthand": {
            "rotation": [ 0, 180, 5 ],
            "translation": [ 10, 0, -10 ],
            "scale": [ 1.25, 1.25, 1.25 ]
        },
        "gui": {
            "rotation": [ 15, -25, -5 ],
            "translation": [ 2, 3, 0 ],
            "scale": [ 0.65, 0.65, 0.65 ]
        },
        "fixed": {
            "rotation": [ 0, 180, 0 ],
            "translation": [ -2, 4, -5],
            "scale":[ 0.5, 0.5, 0.5]
        },
        "ground": {
            "rotation": [ 0, 0, 0 ],
            "translation": [ 4, 4, 2],
            "scale":[ 0.25, 0.25, 0.25]
        }
    },
    "overrides": [
        {
            "predicate": {
                "blocking": 1
            },
            "model": "item/shield_blocking"
        },
		
		{"predicate":{"custom_model_data":100000},"model":"item/guns/pistols/laser_pistol/unscoped"},
		{"predicate":{"custom_model_data":100001},"model":"item/guns/pistols/laser_pistol/client_scoped"},
		
		{"predicate":{"custom_model_data":101000},"model":"item/guns/shotguns/remington870/unscoped"},
		{"predicate":{"custom_model_data":101001},"model":"item/guns/shotguns/remington870/client_scoped"},
		{"predicate":{"custom_model_data":101002,"blocking":0},"model":"item/guns/shotguns/remington870/prone-unscoped"},
		{"predicate":{"custom_model_data":101002,"blocking":1},"model":"item/guns/shotguns/remington870/unscoped"},
		
		{"predicate":{"custom_model_data":103000},"model":"item/guns/assault_rifles/ar15/unscoped"},
		{"predicate":{"custom_model_data":103001},"model":"item/guns/assault_rifles/ar15/client_scoped"},
		{"predicate":{"custom_model_data":103002,"blocking":0},"model":"item/guns/assault_rifles/ar15/prone-unscoped"},
		{"predicate":{"custom_model_data":103002,"blocking":1},"model":"item/guns/assault_rifles/ar15/unscoped"},
		
		{"predicate":{"custom_model_data":104000},"model":"item/guns/sniper_rifles/rpr/unscoped"},
		{"predicate":{"custom_model_data":104001},"model":"item/guns/sniper_rifles/rpr/client_scoped"},
		{"predicate":{"custom_model_data":104002,"blocking":0},"model":"item/guns/sniper_rifles/rpr/prone-unscoped"},
		{"predicate":{"custom_model_data":104002,"blocking":1},"model":"item/guns/sniper_rifles/rpr/unscoped"},
		
		{"predicate":{"custom_model_data":106000},"model":"item/guns/light_machine_guns/m249/unscoped"},
		{"predicate":{"custom_model_data":106001},"model":"item/guns/light_machine_guns/m249/client_scoped"},
		{"predicate":{"custom_model_data":106002,"blocking":0},"model":"item/guns/light_machine_guns/m249/prone-unscoped"},
		{"predicate":{"custom_model_data":106002,"blocking":1},"model":"item/guns/light_machine_guns/m249/unscoped"}
    ]
}