{
	"credit": "Made with Blockbench",
	"textures": {
		"0": "custom/black-metal",
		"1": "custom/brushed-metal",
		"3": "custom/anvil_top_damaged_0",
		"particle": "custom/black-metal"
	},
	"elements": [
		{
			"from": [6, -0.1, 9],
			"to": [10, 1, 15],
			"faces": {
				"north": {"uv": [0, 0, 6, 1.1], "texture": "#0"},
				"east": {"uv": [0, 0, 6, 1.1], "texture": "#0"},
				"south": {"uv": [0, 0, 6, 1.1], "texture": "#0"},
				"west": {"uv": [0, 0, 6, 1.1], "texture": "#0"},
				"up": {"uv": [0, 0, 6, 1.1], "texture": "#0"},
				"down": {"uv": [0, 0, 6, 1.1], "texture": "#0"}
			}
		},
		{
			"from": [6, -2, 14.5],
			"to": [10, 1, 31.5],
			"faces": {
				"north": {"uv": [0, 0, 16, 3], "texture": "#0"},
				"east": {"uv": [0, 0, 16, 3], "texture": "#0"},
				"south": {"uv": [0, 0, 16, 3], "texture": "#0"},
				"west": {"uv": [0, 0, 16, 3], "texture": "#0"},
				"up": {"uv": [0, 0, 16, 3], "texture": "#0"},
				"down": {"uv": [0, 0, 16, 3], "texture": "#0"}
			}
		},
		{
			"name": "octagon",
			"from": [7.25, 0.43934, -12],
			"to": [8.75, 1.06066, -7],
			"rotation": {"angle": 45, "axis": "z", "origin": [8, 0.75, -9.5]},
			"faces": {
				"north": {"uv": [0, 0, 0.62132, 5], "texture": "#1", "rotation": 90},
				"east": {"uv": [0, 0, 0.62132, 5], "texture": "#1", "rotation": 90},
				"south": {"uv": [0, 0, 0.62132, 5], "texture": "#1", "rotation": 90},
				"west": {"uv": [0, 0, 0.62132, 5], "texture": "#1", "rotation": 90},
				"up": {"uv": [0, 0, 0.62132, 5], "texture": "#1", "rotation": 90},
				"down": {"uv": [0, 0, 0.62132, 5], "texture": "#1", "rotation": 90}
			}
		},
		{
			"name": "octagon",
			"from": [7.25, 0.43934, -12],
			"to": [8.75, 1.06066, -7],
			"rotation": {"angle": 0, "axis": "z", "origin": [8, 0.75, -9.5]},
			"faces": {
				"north": {"uv": [0, 0, 0.62132, 5], "texture": "#1", "rotation": 90},
				"east": {"uv": [0, 0, 0.62132, 5], "texture": "#1", "rotation": 90},
				"south": {"uv": [0, 0, 0.62132, 5], "texture": "#1", "rotation": 90},
				"west": {"uv": [0, 0, 0.62132, 5], "texture": "#1", "rotation": 90},
				"up": {"uv": [0, 0, 0.62132, 5], "texture": "#1", "rotation": 90},
				"down": {"uv": [0, 0, 0.62132, 5], "texture": "#1", "rotation": 90}
			}
		},
		{
			"name": "octagon",
			"from": [7.68934, 0, -12],
			"to": [8.31066, 1.5, -7],
			"rotation": {"angle": 45, "axis": "z", "origin": [8, 0.75, -9.5]},
			"faces": {
				"north": {"uv": [0, 0, 1.5, 5], "texture": "#1", "rotation": 90},
				"east": {"uv": [0, 0, 1.5, 5], "texture": "#1", "rotation": 90},
				"south": {"uv": [0, 0, 1.5, 5], "texture": "#1", "rotation": 90},
				"west": {"uv": [0, 0, 1.5, 5], "texture": "#1", "rotation": 90},
				"up": {"uv": [0, 0, 1.5, 5], "texture": "#1", "rotation": 90},
				"down": {"uv": [0, 0, 1.5, 5], "texture": "#1", "rotation": 90}
			}
		},
		{
			"name": "octagon",
			"from": [7.68934, 0, -12],
			"to": [8.31066, 1.5, -7],
			"rotation": {"angle": 0, "axis": "z", "origin": [8, 0.75, -9.5]},
			"faces": {
				"north": {"uv": [0, 0, 1.5, 5], "texture": "#1", "rotation": 90},
				"east": {"uv": [0, 0, 1.5, 5], "texture": "#1", "rotation": 90},
				"south": {"uv": [0, 0, 1.5, 5], "texture": "#1", "rotation": 90},
				"west": {"uv": [0, 0, 1.5, 5], "texture": "#1", "rotation": 90},
				"up": {"uv": [0, 0, 1.5, 5], "texture": "#1", "rotation": 90},
				"down": {"uv": [0, 0, 1.5, 5], "texture": "#1", "rotation": 90}
			}
		},
		{
			"name": "octagon",
			"from": [6.875, 0.28401, -16],
			"to": [9.125, 1.21599, -12],
			"rotation": {"angle": 45, "axis": "z", "origin": [8, 0.75, -13.5]},
			"faces": {
				"north": {"uv": [0, 0, 0.93198, 4], "texture": "#1", "rotation": 90},
				"east": {"uv": [0, 0, 0.93198, 4], "texture": "#1", "rotation": 90},
				"south": {"uv": [0, 0, 0.93198, 4], "texture": "#1", "rotation": 90},
				"west": {"uv": [0, 0, 0.93198, 4], "texture": "#1", "rotation": 90},
				"up": {"uv": [0, 0, 0.93198, 4], "texture": "#1", "rotation": 90},
				"down": {"uv": [0, 0, 0.93198, 4], "texture": "#1", "rotation": 90}
			}
		},
		{
			"name": "octagon",
			"from": [6.875, 0.28401, -16],
			"to": [9.125, 1.21599, -12],
			"rotation": {"angle": 0, "axis": "z", "origin": [8, 0.75, -13.5]},
			"faces": {
				"north": {"uv": [0, 0, 0.93198, 4], "texture": "#1", "rotation": 90},
				"east": {"uv": [0, 0, 0.93198, 4], "texture": "#1", "rotation": 90},
				"south": {"uv": [0, 0, 0.93198, 4], "texture": "#1", "rotation": 90},
				"west": {"uv": [0, 0, 0.93198, 4], "texture": "#1", "rotation": 90},
				"up": {"uv": [0, 0, 0.93198, 4], "texture": "#1", "rotation": 90},
				"down": {"uv": [0, 0, 0.93198, 4], "texture": "#1", "rotation": 90}
			}
		},
		{
			"name": "octagon",
			"from": [7.53401, -0.375, -16],
			"to": [8.46599, 1.875, -12],
			"rotation": {"angle": 45, "axis": "z", "origin": [8, 0.75, -13.5]},
			"faces": {
				"north": {"uv": [0, 0, 2.25, 4], "texture": "#1", "rotation": 90},
				"east": {"uv": [0, 0, 2.25, 4], "texture": "#1", "rotation": 90},
				"south": {"uv": [0, 0, 2.25, 4], "texture": "#1", "rotation": 90},
				"west": {"uv": [0, 0, 2.25, 4], "texture": "#1", "rotation": 90},
				"up": {"uv": [0, 0, 2.25, 4], "texture": "#1", "rotation": 90},
				"down": {"uv": [0, 0, 2.25, 4], "texture": "#1", "rotation": 90}
			}
		},
		{
			"name": "octagon",
			"from": [7.53401, -0.375, -16],
			"to": [8.46599, 1.875, -12],
			"rotation": {"angle": 0, "axis": "z", "origin": [8, 0.75, -13.5]},
			"faces": {
				"north": {"uv": [0, 0, 2.25, 4], "texture": "#1", "rotation": 90},
				"east": {"uv": [0, 0, 2.25, 4], "texture": "#1", "rotation": 90},
				"south": {"uv": [0, 0, 2.25, 4], "texture": "#1", "rotation": 90},
				"west": {"uv": [0, 0, 2.25, 4], "texture": "#1", "rotation": 90},
				"up": {"uv": [0, 0, 2.25, 4], "texture": "#1", "rotation": 90},
				"down": {"uv": [0, 0, 2.25, 4], "texture": "#1", "rotation": 90}
			}
		},
		{
			"from": [6.4, 0, -7],
			"to": [7.4, 1.75, 15],
			"rotation": {"angle": -45, "axis": "z", "origin": [7.4, 1, 4]},
			"faces": {
				"north": {"uv": [0, 0, 16, 1.75], "texture": "#0"},
				"east": {"uv": [0, 0, 16, 1.75], "texture": "#0"},
				"south": {"uv": [0, 0, 16, 1.75], "texture": "#0"},
				"west": {"uv": [0, 0, 16, 1.75], "texture": "#0"},
				"up": {"uv": [0, 0, 16, 1.75], "texture": "#0"},
				"down": {"uv": [0, 0, 16, 1.75], "texture": "#0"}
			}
		},
		{
			"from": [8.6, 0, -7],
			"to": [9.6, 1.75, 15],
			"rotation": {"angle": 45, "axis": "z", "origin": [8.6, 1, 4]},
			"faces": {
				"north": {"uv": [0, 0, 16, 1.75], "texture": "#0"},
				"east": {"uv": [0, 0, 16, 1.75], "texture": "#0"},
				"south": {"uv": [0, 0, 16, 1.75], "texture": "#0"},
				"west": {"uv": [0, 0, 16, 1.75], "texture": "#0"},
				"up": {"uv": [0, 0, 16, 1.75], "texture": "#0"},
				"down": {"uv": [0, 0, 16, 1.75], "texture": "#0"}
			}
		},
		{
			"from": [7.25, 0.825, -7],
			"to": [8.75, 2.325, 15],
			"faces": {
				"north": {"uv": [0, 0, 16, 1.5], "texture": "#0"},
				"east": {"uv": [0, 0, 16, 1.5], "texture": "#0"},
				"south": {"uv": [0, 0, 16, 1.5], "texture": "#0"},
				"west": {"uv": [0, 0, 16, 1.5], "texture": "#0"},
				"up": {"uv": [0, 0, 16, 1.5], "texture": "#0"},
				"down": {"uv": [0, 0, 16, 1.5], "texture": "#0"}
			}
		},
		{
			"from": [7.25, 2.325, -6],
			"to": [8.75, 5.325, -5.5],
			"faces": {
				"north": {"uv": [0, 0, 0.5, 3], "texture": "#0"},
				"east": {"uv": [0, 0, 0.5, 3], "texture": "#0"},
				"south": {"uv": [0, 0, 0.5, 3], "texture": "#0"},
				"west": {"uv": [0, 0, 0.5, 3], "texture": "#0"},
				"up": {"uv": [0, 0, 0.5, 3], "texture": "#0"},
				"down": {"uv": [0, 0, 0.5, 3], "texture": "#0"}
			}
		},
		{
			"from": [7.25, 2.325, 12.5],
			"to": [8.75, 5.325, 13],
			"faces": {
				"north": {"uv": [0, 0, 0.5, 3], "texture": "#0"},
				"east": {"uv": [0, 0, 0.5, 3], "texture": "#0"},
				"south": {"uv": [0, 0, 0.5, 3], "texture": "#0"},
				"west": {"uv": [0, 0, 0.5, 3], "texture": "#0"},
				"up": {"uv": [0, 0, 0.5, 3], "texture": "#0"},
				"down": {"uv": [0, 0, 0.5, 3], "texture": "#0"}
			}
		},
		{
			"from": [7.25, 5.325, -6],
			"to": [8.75, 5.825, 13],
			"faces": {
				"north": {"uv": [0, 0, 16, 0.5], "texture": "#0"},
				"east": {"uv": [0, 0, 16, 0.5], "texture": "#0"},
				"south": {"uv": [0, 0, 16, 0.5], "texture": "#0"},
				"west": {"uv": [0, 0, 16, 0.5], "texture": "#0"},
				"up": {"uv": [0, 0, 16, 0.5], "texture": "#0"},
				"down": {"uv": [0, 0, 16, 0.5], "texture": "#0"}
			}
		},
		{
			"from": [7.25, 5.825, -7],
			"to": [7.5, 6.575, 14],
			"faces": {
				"north": {"uv": [0, 0, 16, 0.75], "texture": "#0"},
				"east": {"uv": [0, 0, 16, 0.75], "texture": "#0"},
				"south": {"uv": [0, 0, 16, 0.75], "texture": "#0"},
				"west": {"uv": [0, 0, 16, 0.75], "texture": "#0"},
				"up": {"uv": [0, 0, 16, 0.75], "texture": "#0"},
				"down": {"uv": [0, 0, 16, 0.75], "texture": "#0"}
			}
		},
		{
			"from": [8.5, 5.825, -7],
			"to": [8.75, 6.575, 14],
			"faces": {
				"north": {"uv": [0, 0, 16, 0.75], "texture": "#0"},
				"east": {"uv": [0, 0, 16, 0.75], "texture": "#0"},
				"south": {"uv": [0, 0, 16, 0.75], "texture": "#0"},
				"west": {"uv": [0, 0, 16, 0.75], "texture": "#0"},
				"up": {"uv": [0, 0, 16, 0.75], "texture": "#0"},
				"down": {"uv": [0, 0, 16, 0.75], "texture": "#0"}
			}
		},
		{
			"from": [7.25, 2.325, -7],
			"to": [7.5, 5.825, -6],
			"faces": {
				"north": {"uv": [0, 0, 1, 3.5], "texture": "#0"},
				"east": {"uv": [0, 0, 1, 3.5], "texture": "#0"},
				"south": {"uv": [0, 0, 1, 3.5], "texture": "#0"},
				"west": {"uv": [0, 0, 1, 3.5], "texture": "#0"},
				"up": {"uv": [0, 0, 1, 3.5], "texture": "#0"},
				"down": {"uv": [0, 0, 1, 3.5], "texture": "#0"}
			}
		},
		{
			"from": [8.5, 2.325, -7],
			"to": [8.75, 5.825, -6],
			"faces": {
				"north": {"uv": [0, 0, 1, 3.5], "texture": "#0"},
				"east": {"uv": [0, 0, 1, 3.5], "texture": "#0"},
				"south": {"uv": [0, 0, 1, 3.5], "texture": "#0"},
				"west": {"uv": [0, 0, 1, 3.5], "texture": "#0"},
				"up": {"uv": [0, 0, 1, 3.5], "texture": "#0"},
				"down": {"uv": [0, 0, 1, 3.5], "texture": "#0"}
			}
		},
		{
			"from": [8.5, 2.325, 13],
			"to": [8.75, 5.825, 14],
			"faces": {
				"north": {"uv": [0, 0, 1, 3.5], "texture": "#0"},
				"east": {"uv": [0, 0, 1, 3.5], "texture": "#0"},
				"south": {"uv": [0, 0, 1, 3.5], "texture": "#0"},
				"west": {"uv": [0, 0, 1, 3.5], "texture": "#0"},
				"up": {"uv": [0, 0, 1, 3.5], "texture": "#0"},
				"down": {"uv": [0, 0, 1, 3.5], "texture": "#0"}
			}
		},
		{
			"from": [7.25, 2.325, 13],
			"to": [7.5, 5.825, 14],
			"faces": {
				"north": {"uv": [0, 0, 1, 3.5], "texture": "#0"},
				"east": {"uv": [0, 0, 1, 3.5], "texture": "#0"},
				"south": {"uv": [0, 0, 1, 3.5], "texture": "#0"},
				"west": {"uv": [0, 0, 1, 3.5], "texture": "#0"},
				"up": {"uv": [0, 0, 1, 3.5], "texture": "#0"},
				"down": {"uv": [0, 0, 1, 3.5], "texture": "#0"}
			}
		},
		{
			"from": [7.5, 3.075, -5.5],
			"to": [8.5, 3.325, -1.5],
			"faces": {
				"north": {"uv": [1, 5, 5, 5.25], "texture": "#1"},
				"east": {"uv": [1, 5, 5, 5.25], "texture": "#1"},
				"south": {"uv": [1, 5, 5, 5.25], "texture": "#1"},
				"west": {"uv": [1, 5, 5, 5.25], "texture": "#1"},
				"up": {"uv": [1, 5, 5, 5.25], "texture": "#1"},
				"down": {"uv": [1, 5, 5, 5.25], "texture": "#1"}
			}
		},
		{
			"from": [7.5, 2.325, -2.5],
			"to": [8.5, 3.075, -1.5],
			"faces": {
				"north": {"uv": [1, 5, 5, 5.25], "texture": "#1"},
				"east": {"uv": [1, 5, 5, 5.25], "texture": "#1"},
				"south": {"uv": [1, 5, 5, 5.25], "texture": "#1"},
				"west": {"uv": [1, 5, 5, 5.25], "texture": "#1"},
				"up": {"uv": [1, 5, 5, 5.25], "texture": "#1"},
				"down": {"uv": [1, 5, 5, 5.25], "texture": "#1"}
			}
		},
		{
			"from": [7.75, 2.325, 0.5],
			"to": [8.25, 2.575, 2.8],
			"faces": {
				"north": {"uv": [0, 14, 2.29968, 14.25], "texture": "#1"},
				"east": {"uv": [0, 14, 2.29968, 14.25], "texture": "#1"},
				"south": {"uv": [0, 14, 2.29968, 14.25], "texture": "#1"},
				"west": {"uv": [0, 14, 2.29968, 14.25], "texture": "#1"},
				"up": {"uv": [0, 14, 2.29968, 14.25], "texture": "#1"},
				"down": {"uv": [0, 14, 2.29968, 14.25], "texture": "#1"}
			}
		},
		{
			"from": [7.75, 1.825, 2.25],
			"to": [8.25, 2.475, 3.5],
			"rotation": {"angle": -22.5, "axis": "x", "origin": [8, 2.45, 2.5]},
			"faces": {
				"north": {"uv": [0, 14, 2.29968, 14.25], "texture": "#1"},
				"east": {"uv": [0, 14, 2.29968, 14.25], "texture": "#1"},
				"south": {"uv": [0, 14, 2.29968, 14.25], "texture": "#1"},
				"west": {"uv": [0, 14, 2.29968, 14.25], "texture": "#1"},
				"up": {"uv": [0, 14, 2.29968, 14.25], "texture": "#1"},
				"down": {"uv": [0, 14, 2.29968, 14.25], "texture": "#1"}
			}
		},
		{
			"from": [7.75, 1.925, 2.9],
			"to": [8.25, 2.375, 3.9],
			"rotation": {"angle": -45, "axis": "x", "origin": [8, 2.25, 2.9]},
			"faces": {
				"north": {"uv": [0, 14, 2.29968, 14.25], "texture": "#1"},
				"east": {"uv": [0, 14, 2.29968, 14.25], "texture": "#1"},
				"south": {"uv": [0, 14, 2.29968, 14.25], "texture": "#1"},
				"west": {"uv": [0, 14, 2.29968, 14.25], "texture": "#1"},
				"up": {"uv": [0, 14, 2.29968, 14.25], "texture": "#1"},
				"down": {"uv": [0, 14, 2.29968, 14.25], "texture": "#1"}
			}
		},
		{
			"from": [7.75, 2.45, 3.225],
			"to": [8.25, 3.45, 3.875],
			"rotation": {"angle": 22.5, "axis": "x", "origin": [8, 2.45, 3.35]},
			"faces": {
				"north": {"uv": [0, 14, 2.29968, 14.25], "texture": "#1", "rotation": 270},
				"east": {"uv": [0, 14, 2.29968, 14.25], "texture": "#1", "rotation": 270},
				"south": {"uv": [0, 14, 2.29968, 14.25], "texture": "#1", "rotation": 270},
				"west": {"uv": [0, 14, 2.29968, 14.25], "texture": "#1", "rotation": 270},
				"up": {"uv": [0, 14, 2.29968, 14.25], "texture": "#1", "rotation": 270},
				"down": {"uv": [0, 14, 2.29968, 14.25], "texture": "#1", "rotation": 270}
			}
		},
		{
			"from": [7.75, 2.35, 3.525],
			"to": [8.25, 3.45, 4.375],
			"rotation": {"angle": 0, "axis": "x", "origin": [8, 2.45, 3.65]},
			"faces": {
				"north": {"uv": [0, 14, 2.29968, 14.25], "texture": "#1", "rotation": 270},
				"east": {"uv": [0, 14, 2.29968, 14.25], "texture": "#1", "rotation": 270},
				"south": {"uv": [0, 14, 2.29968, 14.25], "texture": "#1", "rotation": 270},
				"west": {"uv": [0, 14, 2.29968, 14.25], "texture": "#1", "rotation": 270},
				"up": {"uv": [0, 14, 2.29968, 14.25], "texture": "#1", "rotation": 270},
				"down": {"uv": [0, 14, 2.29968, 14.25], "texture": "#1", "rotation": 270}
			}
		},
		{
			"from": [7.75, 3.2, 3.625],
			"to": [8.25, 4.2, 3.975],
			"rotation": {"angle": -22.5, "axis": "x", "origin": [8, 3.2, 3.75]},
			"faces": {
				"north": {"uv": [0, 14, 2.29968, 14.25], "texture": "#1", "rotation": 270},
				"east": {"uv": [0, 14, 2.29968, 14.25], "texture": "#1", "rotation": 270},
				"south": {"uv": [0, 14, 2.29968, 14.25], "texture": "#1", "rotation": 270},
				"west": {"uv": [0, 14, 2.29968, 14.25], "texture": "#1", "rotation": 270},
				"up": {"uv": [0, 14, 2.29968, 14.25], "texture": "#1", "rotation": 270},
				"down": {"uv": [0, 14, 2.29968, 14.25], "texture": "#1", "rotation": 270}
			}
		},
		{
			"from": [7.75, 2.97626, 4.125],
			"to": [8.25, 4.2, 4.46872],
			"rotation": {"angle": -45, "axis": "x", "origin": [8, 3.1, 3.85]},
			"faces": {
				"north": {"uv": [0, 14, 2.29968, 14.25], "texture": "#1", "rotation": 270},
				"east": {"uv": [0, 14, 2.29968, 14.25], "texture": "#1", "rotation": 270},
				"south": {"uv": [0, 14, 2.29968, 14.25], "texture": "#1", "rotation": 270},
				"west": {"uv": [0, 14, 2.29968, 14.25], "texture": "#1", "rotation": 270},
				"up": {"uv": [0, 14, 2.29968, 14.25], "texture": "#1", "rotation": 270},
				"down": {"uv": [0, 14, 2.29968, 14.25], "texture": "#1", "rotation": 270}
			}
		},
		{
			"from": [9.1, 1.25, 12],
			"to": [10.1, 2.5, 12.25],
			"rotation": {"angle": 45, "axis": "z", "origin": [9.6, 2, 2]},
			"faces": {
				"north": {"uv": [3, 0, 3.25, 1.25], "texture": "#3"},
				"east": {"uv": [3, 0, 3.25, 1.25], "texture": "#3"},
				"south": {"uv": [3, 0, 3.25, 1.25], "texture": "#3"},
				"west": {"uv": [3, 0, 3.25, 1.25], "texture": "#3"},
				"up": {"uv": [3, 0, 3.25, 1.25], "texture": "#3"},
				"down": {"uv": [3, 0, 3.25, 1.25], "texture": "#3"}
			}
		},
		{
			"from": [5.9, 1.25, 12],
			"to": [6.9, 2.5, 12.25],
			"rotation": {"angle": -45, "axis": "z", "origin": [6.4, 2, 2]},
			"faces": {
				"north": {"uv": [3, 0, 3.25, 1.25], "texture": "#3"},
				"east": {"uv": [3, 0, 3.25, 1.25], "texture": "#3"},
				"south": {"uv": [3, 0, 3.25, 1.25], "texture": "#3"},
				"west": {"uv": [3, 0, 3.25, 1.25], "texture": "#3"},
				"up": {"uv": [3, 0, 3.25, 1.25], "texture": "#3"},
				"down": {"uv": [3, 0, 3.25, 1.25], "texture": "#3"}
			}
		},
		{
			"name": "octagon",
			"from": [9.54645, 1.65, -3],
			"to": [9.75355, 2.15, 12],
			"rotation": {"angle": 45, "axis": "z", "origin": [9.65, 1.9, 8]},
			"faces": {
				"north": {"uv": [0, 0, 0.5, 15], "texture": "#1", "rotation": 90},
				"east": {"uv": [0, 0, 0.5, 15], "texture": "#1", "rotation": 90},
				"south": {"uv": [0, 0, 0.5, 15], "texture": "#1", "rotation": 90},
				"west": {"uv": [0, 0, 0.5, 15], "texture": "#1", "rotation": 90},
				"up": {"uv": [0, 0, 0.5, 15], "texture": "#1", "rotation": 90},
				"down": {"uv": [0, 0, 0.5, 15], "texture": "#1", "rotation": 90}
			}
		},
		{
			"name": "octagon",
			"from": [9.54645, 1.65, -3],
			"to": [9.75355, 2.15, 12],
			"rotation": {"angle": 0, "axis": "z", "origin": [9.65, 1.9, 8]},
			"faces": {
				"north": {"uv": [0, 0, 0.5, 15], "texture": "#1", "rotation": 90},
				"east": {"uv": [0, 0, 0.5, 15], "texture": "#1", "rotation": 90},
				"south": {"uv": [0, 0, 0.5, 15], "texture": "#1", "rotation": 90},
				"west": {"uv": [0, 0, 0.5, 15], "texture": "#1", "rotation": 90},
				"up": {"uv": [0, 0, 0.5, 15], "texture": "#1", "rotation": 90},
				"down": {"uv": [0, 0, 0.5, 15], "texture": "#1", "rotation": 90}
			}
		},
		{
			"name": "octagon",
			"from": [9.4, 1.79645, -3],
			"to": [9.9, 2.00355, 12],
			"rotation": {"angle": 45, "axis": "z", "origin": [9.65, 1.9, 8]},
			"faces": {
				"north": {"uv": [0, 0, 0.20711, 15], "texture": "#1", "rotation": 90},
				"east": {"uv": [0, 0, 0.20711, 15], "texture": "#1", "rotation": 90},
				"south": {"uv": [0, 0, 0.20711, 15], "texture": "#1", "rotation": 90},
				"west": {"uv": [0, 0, 0.20711, 15], "texture": "#1", "rotation": 90},
				"up": {"uv": [0, 0, 0.20711, 15], "texture": "#1", "rotation": 90},
				"down": {"uv": [0, 0, 0.20711, 15], "texture": "#1", "rotation": 90}
			}
		},
		{
			"name": "octagon",
			"from": [9.4, 1.79645, -3],
			"to": [9.9, 2.00355, 12],
			"rotation": {"angle": 0, "axis": "z", "origin": [9.65, 1.9, 8]},
			"faces": {
				"north": {"uv": [0, 0, 0.20711, 15], "texture": "#1", "rotation": 90},
				"east": {"uv": [0, 0, 0.20711, 15], "texture": "#1", "rotation": 90},
				"south": {"uv": [0, 0, 0.20711, 15], "texture": "#1", "rotation": 90},
				"west": {"uv": [0, 0, 0.20711, 15], "texture": "#1", "rotation": 90},
				"up": {"uv": [0, 0, 0.20711, 15], "texture": "#1", "rotation": 90},
				"down": {"uv": [0, 0, 0.20711, 15], "texture": "#1", "rotation": 90}
			}
		},
		{
			"name": "octagon",
			"from": [6.19645, 1.65, -3],
			"to": [6.40355, 2.15, 12],
			"rotation": {"angle": 45, "axis": "z", "origin": [6.3, 1.9, 8]},
			"faces": {
				"north": {"uv": [0, 0, 0.5, 15], "texture": "#1", "rotation": 90},
				"east": {"uv": [0, 0, 0.5, 15], "texture": "#1", "rotation": 90},
				"south": {"uv": [0, 0, 0.5, 15], "texture": "#1", "rotation": 90},
				"west": {"uv": [0, 0, 0.5, 15], "texture": "#1", "rotation": 90},
				"up": {"uv": [0, 0, 0.5, 15], "texture": "#1", "rotation": 90},
				"down": {"uv": [0, 0, 0.5, 15], "texture": "#1", "rotation": 90}
			}
		},
		{
			"name": "octagon",
			"from": [6.19645, 1.65, -3],
			"to": [6.40355, 2.15, 12],
			"rotation": {"angle": 0, "axis": "z", "origin": [6.3, 1.9, 8]},
			"faces": {
				"north": {"uv": [0, 0, 0.5, 15], "texture": "#1", "rotation": 90},
				"east": {"uv": [0, 0, 0.5, 15], "texture": "#1", "rotation": 90},
				"south": {"uv": [0, 0, 0.5, 15], "texture": "#1", "rotation": 90},
				"west": {"uv": [0, 0, 0.5, 15], "texture": "#1", "rotation": 90},
				"up": {"uv": [0, 0, 0.5, 15], "texture": "#1", "rotation": 90},
				"down": {"uv": [0, 0, 0.5, 15], "texture": "#1", "rotation": 90}
			}
		},
		{
			"name": "octagon",
			"from": [6.05, 1.79645, -3],
			"to": [6.55, 2.00355, 12],
			"rotation": {"angle": 45, "axis": "z", "origin": [6.3, 1.9, 8]},
			"faces": {
				"north": {"uv": [0, 0, 0.20711, 15], "texture": "#1", "rotation": 90},
				"east": {"uv": [0, 0, 0.20711, 15], "texture": "#1", "rotation": 90},
				"south": {"uv": [0, 0, 0.20711, 15], "texture": "#1", "rotation": 90},
				"west": {"uv": [0, 0, 0.20711, 15], "texture": "#1", "rotation": 90},
				"up": {"uv": [0, 0, 0.20711, 15], "texture": "#1", "rotation": 90},
				"down": {"uv": [0, 0, 0.20711, 15], "texture": "#1", "rotation": 90}
			}
		},
		{
			"name": "octagon",
			"from": [6.05, 1.79645, -3],
			"to": [6.55, 2.00355, 12],
			"rotation": {"angle": 0, "axis": "z", "origin": [6.3, 1.9, 8]},
			"faces": {
				"north": {"uv": [0, 0, 0.20711, 15], "texture": "#1", "rotation": 90},
				"east": {"uv": [0, 0, 0.20711, 15], "texture": "#1", "rotation": 90},
				"south": {"uv": [0, 0, 0.20711, 15], "texture": "#1", "rotation": 90},
				"west": {"uv": [0, 0, 0.20711, 15], "texture": "#1", "rotation": 90},
				"up": {"uv": [0, 0, 0.20711, 15], "texture": "#1", "rotation": 90},
				"down": {"uv": [0, 0, 0.20711, 15], "texture": "#1", "rotation": 90}
			}
		},
		{
			"from": [9.1, 1.5, -5],
			"to": [9.85, 2.25, -3],
			"rotation": {"angle": 45, "axis": "z", "origin": [9.6, 2, -13]},
			"faces": {
				"north": {"uv": [3, 0, 3.25, 1.25], "texture": "#3"},
				"east": {"uv": [3, 0, 3.25, 1.25], "texture": "#3"},
				"south": {"uv": [3, 0, 3.25, 1.25], "texture": "#3"},
				"west": {"uv": [3, 0, 3.25, 1.25], "texture": "#3"},
				"up": {"uv": [3, 0, 3.25, 1.25], "texture": "#3"},
				"down": {"uv": [3, 0, 3.25, 1.25], "texture": "#3"}
			}
		},
		{
			"from": [6.15, 1.5, -5],
			"to": [6.9, 2.25, -3],
			"rotation": {"angle": -45, "axis": "z", "origin": [6.4, 2, -13.25]},
			"faces": {
				"north": {"uv": [3, 0, 3.25, 1.25], "texture": "#3"},
				"east": {"uv": [3, 0, 3.25, 1.25], "texture": "#3"},
				"south": {"uv": [3, 0, 3.25, 1.25], "texture": "#3"},
				"west": {"uv": [3, 0, 3.25, 1.25], "texture": "#3"},
				"up": {"uv": [3, 0, 3.25, 1.25], "texture": "#3"},
				"down": {"uv": [3, 0, 3.25, 1.25], "texture": "#3"}
			}
		},
		{
			"from": [6.25, -1, 3],
			"to": [10, 1, 9],
			"faces": {
				"north": {"uv": [0, 0, 6, 2], "texture": "#0"},
				"east": {"uv": [0, 0, 6, 2], "texture": "#0"},
				"south": {"uv": [0, 0, 6, 2], "texture": "#0"},
				"west": {"uv": [0, 0, 6, 2], "texture": "#0"},
				"up": {"uv": [0, 0, 6, 2], "texture": "#0"},
				"down": {"uv": [0, 0, 6, 2], "texture": "#0"}
			}
		},
		{
			"from": [6, 0.1, 8.5],
			"to": [10, 1.1, 11.25],
			"rotation": {"angle": -22.5, "axis": "x", "origin": [8, 0.6, 11.5]},
			"faces": {
				"north": {"uv": [0, 0, 2.75, 1], "texture": "#0"},
				"east": {"uv": [0, 0, 2.75, 1], "texture": "#0"},
				"south": {"uv": [0, 0, 2.75, 1], "texture": "#0"},
				"west": {"uv": [0, 0, 2.75, 1], "texture": "#0"},
				"up": {"uv": [0, 0, 2.75, 1], "texture": "#0"},
				"down": {"uv": [0, 0, 2.75, 1], "texture": "#0"}
			}
		},
		{
			"from": [7, -4.9, 8],
			"to": [9, 1.1, 10.25],
			"rotation": {"angle": -22.5, "axis": "x", "origin": [8, 0.6, 11.5]},
			"faces": {
				"north": {"uv": [0, 0, 2.25, 6], "texture": "#0"},
				"east": {"uv": [0, 0, 2.25, 6], "texture": "#0"},
				"south": {"uv": [0, 0, 2.25, 6], "texture": "#0"},
				"west": {"uv": [0, 0, 2.25, 6], "texture": "#0"},
				"up": {"uv": [0, 0, 2.25, 6], "texture": "#0"},
				"down": {"uv": [0, 0, 2.25, 6], "texture": "#0"}
			}
		},
		{
			"from": [7.25, -1.4, 5.75],
			"to": [8.75, -1.15, 8],
			"rotation": {"angle": -22.5, "axis": "x", "origin": [8, 0.6, 11.5]},
			"faces": {
				"north": {"uv": [0, 0, 2.25, 0.25], "texture": "#0"},
				"east": {"uv": [0, 0, 2.25, 0.25], "texture": "#0"},
				"south": {"uv": [0, 0, 2.25, 0.25], "texture": "#0"},
				"west": {"uv": [0, 0, 2.25, 0.25], "texture": "#0"},
				"up": {"uv": [0, 0, 2.25, 0.25], "texture": "#0"},
				"down": {"uv": [0, 0, 2.25, 0.25], "texture": "#0"}
			}
		},
		{
			"from": [7.25, -3.44819, 6.25],
			"to": [8.75, -3.15, 6.95306],
			"rotation": {"angle": 0, "axis": "x", "origin": [8, -1.4, 10.5]},
			"faces": {
				"north": {"uv": [0, 0, 0.75, 0.25], "texture": "#0"},
				"east": {"uv": [0, 0, 0.75, 0.25], "texture": "#0"},
				"south": {"uv": [0, 0, 0.75, 0.25], "texture": "#0"},
				"west": {"uv": [0, 0, 0.75, 0.25], "texture": "#0"},
				"up": {"uv": [0, 0, 0.75, 0.25], "texture": "#0"},
				"down": {"uv": [0, 0, 0.75, 0.25], "texture": "#0"}
			}
		},
		{
			"from": [7.25, -4.93719, 6.1],
			"to": [8.75, -4.65, 6.76426],
			"rotation": {"angle": 22.5, "axis": "x", "origin": [8, -2.9, 10.25]},
			"faces": {
				"north": {"uv": [0, 0, 0.65, 0.25], "texture": "#0"},
				"east": {"uv": [0, 0, 0.65, 0.25], "texture": "#0"},
				"south": {"uv": [0, 0, 0.65, 0.25], "texture": "#0"},
				"west": {"uv": [0, 0, 0.65, 0.25], "texture": "#0"},
				"up": {"uv": [0, 0, 0.65, 0.25], "texture": "#0"},
				"down": {"uv": [0, 0, 0.65, 0.25], "texture": "#0"}
			}
		},
		{
			"from": [7.25, -6.22069, 5.35],
			"to": [8.75, -5.95, 6.05659],
			"rotation": {"angle": 45, "axis": "x", "origin": [8, -4.2, 9.5]},
			"faces": {
				"north": {"uv": [0, 0, 0.75, 0.25], "texture": "#0"},
				"east": {"uv": [0, 0, 0.75, 0.25], "texture": "#0"},
				"south": {"uv": [0, 0, 0.75, 0.25], "texture": "#0"},
				"west": {"uv": [0, 0, 0.75, 0.25], "texture": "#0"},
				"up": {"uv": [0, 0, 0.75, 0.25], "texture": "#0"},
				"down": {"uv": [0, 0, 0.75, 0.25], "texture": "#0"}
			}
		},
		{
			"from": [7.25, -1.67463, 6.23685],
			"to": [8.75, -0.8, 6.5],
			"rotation": {"angle": -22.5, "axis": "x", "origin": [8, -4.95, 8.25]},
			"faces": {
				"north": {"uv": [0, 0, 0.85, 0.25], "texture": "#0", "rotation": 90},
				"east": {"uv": [0, 0, 0.85, 0.25], "texture": "#0", "rotation": 90},
				"south": {"uv": [0, 0, 0.85, 0.25], "texture": "#0", "rotation": 90},
				"west": {"uv": [0, 0, 0.85, 0.25], "texture": "#0", "rotation": 90},
				"up": {"uv": [0, 0, 0.85, 0.25], "texture": "#0", "rotation": 90},
				"down": {"uv": [0, 0, 0.85, 0.25], "texture": "#0", "rotation": 90}
			}
		},
		{
			"from": [7.25, -1.8863, 4.80196],
			"to": [8.75, -0.95, 5.1],
			"rotation": {"angle": 0, "axis": "x", "origin": [8, -5.2, 6.85]},
			"faces": {
				"north": {"uv": [0, 0, 0.95, 0.25], "texture": "#0", "rotation": 90},
				"east": {"uv": [0, 0, 0.95, 0.25], "texture": "#0", "rotation": 90},
				"south": {"uv": [0, 0, 0.95, 0.25], "texture": "#0", "rotation": 90},
				"west": {"uv": [0, 0, 0.95, 0.25], "texture": "#0", "rotation": 90},
				"up": {"uv": [0, 0, 0.95, 0.25], "texture": "#0", "rotation": 90},
				"down": {"uv": [0, 0, 0.95, 0.25], "texture": "#0", "rotation": 90}
			}
		},
		{
			"from": [7.25, -1.9, 3.5],
			"to": [8.75, -1.05, 3.75],
			"rotation": {"angle": 22.5, "axis": "x", "origin": [8, -5.2, 5.5]},
			"faces": {
				"north": {"uv": [0, 0, 0.85, 0.25], "texture": "#0", "rotation": 90},
				"east": {"uv": [0, 0, 0.85, 0.25], "texture": "#0", "rotation": 90},
				"south": {"uv": [0, 0, 0.85, 0.25], "texture": "#0", "rotation": 90},
				"west": {"uv": [0, 0, 0.85, 0.25], "texture": "#0", "rotation": 90},
				"up": {"uv": [0, 0, 0.85, 0.25], "texture": "#0", "rotation": 90},
				"down": {"uv": [0, 0, 0.85, 0.25], "texture": "#0", "rotation": 90}
			}
		},
		{
			"from": [7.75, -1.41547, 7.38736],
			"to": [8.25, -0.26547, 7.73736],
			"rotation": {"angle": -22.5, "axis": "x", "origin": [8, -1.39047, 7.51236]},
			"faces": {
				"north": {"uv": [0, 0, 0.35, 1.15], "texture": "#1", "rotation": 270},
				"east": {"uv": [0, 0, 0.35, 1.15], "texture": "#1", "rotation": 270},
				"south": {"uv": [0, 0, 0.35, 1.15], "texture": "#1", "rotation": 270},
				"west": {"uv": [0, 0, 0.35, 1.15], "texture": "#1", "rotation": 270},
				"up": {"uv": [0, 0, 0.35, 1.15], "texture": "#1", "rotation": 270},
				"down": {"uv": [0, 0, 0.35, 1.15], "texture": "#1", "rotation": 270}
			}
		},
		{
			"from": [7.85, -1.76547, 5.83736],
			"to": [8.15, -0.26547, 6.08736],
			"rotation": {"angle": 0, "axis": "x", "origin": [8, -1.39047, 5.96236]},
			"faces": {
				"north": {"uv": [0, 0, 0.25, 1.5], "texture": "#1", "rotation": 270},
				"east": {"uv": [0, 0, 0.25, 1.5], "texture": "#1", "rotation": 270},
				"south": {"uv": [0, 0, 0.25, 1.5], "texture": "#1", "rotation": 270},
				"west": {"uv": [0, 0, 0.25, 1.5], "texture": "#1", "rotation": 270},
				"up": {"uv": [0, 0, 0.25, 1.5], "texture": "#1", "rotation": 270},
				"down": {"uv": [0, 0, 0.25, 1.5], "texture": "#1", "rotation": 270}
			}
		},
		{
			"from": [7.75, -2.01547, 7.38736],
			"to": [8.25, -1.32746, 7.7298],
			"rotation": {"angle": 0, "axis": "x", "origin": [8, -2.49047, 7.51236]},
			"faces": {
				"north": {"uv": [0, 0, 0.35, 0.65], "texture": "#1", "rotation": 270},
				"east": {"uv": [0, 0, 0.35, 0.65], "texture": "#1", "rotation": 270},
				"south": {"uv": [0, 0, 0.35, 0.65], "texture": "#1", "rotation": 270},
				"west": {"uv": [0, 0, 0.35, 0.65], "texture": "#1", "rotation": 270},
				"up": {"uv": [0, 0, 0.35, 0.65], "texture": "#1", "rotation": 270},
				"down": {"uv": [0, 0, 0.35, 0.65], "texture": "#1", "rotation": 270}
			}
		},
		{
			"from": [7.75, -2.43514, 7.11769],
			"to": [8.25, -1.78514, 7.36769],
			"rotation": {"angle": 45, "axis": "x", "origin": [8, -2.26014, 7.24269]},
			"faces": {
				"north": {"uv": [0, 0, 0.25, 0.65], "texture": "#1", "rotation": 270},
				"east": {"uv": [0, 0, 0.25, 0.65], "texture": "#1", "rotation": 270},
				"south": {"uv": [0, 0, 0.25, 0.65], "texture": "#1", "rotation": 270},
				"west": {"uv": [0, 0, 0.25, 0.65], "texture": "#1", "rotation": 270},
				"up": {"uv": [0, 0, 0.25, 0.65], "texture": "#1", "rotation": 270},
				"down": {"uv": [0, 0, 0.25, 0.65], "texture": "#1", "rotation": 270}
			}
		},
		{
			"from": [6, -0.25, 13],
			"to": [10, 1.2, 16.3],
			"rotation": {"angle": 45, "axis": "x", "origin": [8, 0.5, 13]},
			"faces": {
				"north": {"uv": [0, 0, 3.3, 1.45], "texture": "#0"},
				"east": {"uv": [0, 0, 3.3, 1.45], "texture": "#0"},
				"south": {"uv": [0, 0, 3.3, 1.45], "texture": "#0"},
				"west": {"uv": [0, 0, 3.3, 1.45], "texture": "#0"},
				"up": {"uv": [0, 0, 3.3, 1.45], "texture": "#0"},
				"down": {"uv": [0, 0, 3.3, 1.45], "texture": "#0"}
			}
		},
		{
			"from": [6, -3.05, 14.5],
			"to": [10, -1.5, 17.4],
			"rotation": {"angle": -22.5, "axis": "x", "origin": [8, -1.5, 15]},
			"faces": {
				"north": {"uv": [0, 0, 1.55, 2.9], "texture": "#0", "rotation": 90},
				"east": {"uv": [0, 0, 1.55, 2.9], "texture": "#0", "rotation": 90},
				"south": {"uv": [0, 0, 1.55, 2.9], "texture": "#0", "rotation": 90},
				"west": {"uv": [0, 0, 1.55, 2.9], "texture": "#0", "rotation": 90},
				"up": {"uv": [0, 0, 1.55, 2.9], "texture": "#0", "rotation": 90},
				"down": {"uv": [0, 0, 1.55, 2.9], "texture": "#0", "rotation": 90}
			}
		},
		{
			"from": [6.25, -4.1121, 18.25],
			"to": [9.75, -2.85, 24.01624],
			"rotation": {"angle": 22.5, "axis": "x", "origin": [8, -3.6, 23.75]},
			"faces": {
				"north": {"uv": [0, 13, 4.9, 15.25], "texture": "#1"},
				"east": {"uv": [0, 13, 4.9, 15.25], "texture": "#1"},
				"south": {"uv": [0, 13, 4.9, 15.25], "texture": "#1"},
				"west": {"uv": [0, 13, 4.9, 15.25], "texture": "#1"},
				"up": {"uv": [0, 13, 4.9, 15.25], "texture": "#1"},
				"down": {"uv": [0, 13, 4.9, 15.25], "texture": "#1"}
			}
		},
		{
			"from": [7, -9, 15.5],
			"to": [9, -2, 18.5],
			"faces": {
				"north": {"uv": [6, 0, 9, 7], "texture": "#1"},
				"east": {"uv": [6, 0, 9, 7], "texture": "#1"},
				"south": {"uv": [6, 0, 9, 7], "texture": "#1"},
				"west": {"uv": [6, 0, 9, 7], "texture": "#1"},
				"up": {"uv": [6, 0, 9, 7], "texture": "#1"},
				"down": {"uv": [6, 0, 9, 7], "texture": "#1"}
			}
		},
		{
			"from": [8.6, 0, 16],
			"to": [9.6, 1.75, 24],
			"rotation": {"angle": 45, "axis": "z", "origin": [8.6, 1, 21]},
			"faces": {
				"north": {"uv": [8, 14, 16, 15.5], "texture": "#1"},
				"east": {"uv": [8, 14, 16, 15.5], "texture": "#1"},
				"south": {"uv": [8, 14, 16, 15.5], "texture": "#1"},
				"west": {"uv": [8, 14, 16, 15.5], "texture": "#1"},
				"up": {"uv": [8, 14, 16, 15.5], "texture": "#1"},
				"down": {"uv": [8, 14, 16, 15.5], "texture": "#1"}
			}
		},
		{
			"from": [7.22322, 0.825, 16],
			"to": [8.75, 2.23744, 24],
			"faces": {
				"north": {"uv": [8, 14, 16, 15.5], "texture": "#1"},
				"east": {"uv": [8, 14, 16, 15.5], "texture": "#1"},
				"south": {"uv": [8, 14, 16, 15.5], "texture": "#1"},
				"west": {"uv": [8, 14, 16, 15.5], "texture": "#1"},
				"up": {"uv": [8, 14, 16, 15.5], "texture": "#1"},
				"down": {"uv": [8, 14, 16, 15.5], "texture": "#1"}
			}
		},
		{
			"from": [6.4, 0, 16],
			"to": [7.4, 1.75, 24],
			"rotation": {"angle": -45, "axis": "z", "origin": [7.4, 1, 21]},
			"faces": {
				"north": {"uv": [8, 14, 16, 15.5], "texture": "#1"},
				"east": {"uv": [8, 14, 16, 15.5], "texture": "#1"},
				"south": {"uv": [8, 14, 16, 15.5], "texture": "#1"},
				"west": {"uv": [8, 14, 16, 15.5], "texture": "#1"},
				"up": {"uv": [8, 14, 16, 15.5], "texture": "#1"},
				"down": {"uv": [8, 14, 16, 15.5], "texture": "#1"}
			}
		},
		{
			"from": [5.75, 0.825, 15],
			"to": [10.25, 2.325, 16],
			"faces": {
				"north": {"uv": [12, 0, 13, 1.5], "texture": "#3"},
				"east": {"uv": [12, 0, 13, 1.5], "texture": "#3"},
				"south": {"uv": [12, 0, 13, 1.5], "texture": "#3"},
				"west": {"uv": [12, 0, 13, 1.5], "texture": "#3"},
				"up": {"uv": [12, 0, 13, 1.5], "texture": "#3"},
				"down": {"uv": [12, 0, 13, 1.5], "texture": "#3"}
			}
		},
		{
			"from": [5.75, 0.575, 15.15],
			"to": [10.25, 1.575, 17.65],
			"rotation": {"angle": 22.5, "axis": "x", "origin": [8, 1.075, 15.9]},
			"faces": {
				"north": {"uv": [12, 0, 13, 1.5], "texture": "#3", "rotation": 270},
				"east": {"uv": [12, 0, 13, 1.5], "texture": "#3", "rotation": 270},
				"south": {"uv": [12, 0, 13, 1.5], "texture": "#3", "rotation": 270},
				"west": {"uv": [12, 0, 13, 1.5], "texture": "#3", "rotation": 270},
				"up": {"uv": [12, 0, 13, 1.5], "texture": "#3", "rotation": 270},
				"down": {"uv": [12, 0, 13, 1.5], "texture": "#3", "rotation": 270}
			}
		},
		{
			"from": [6.25, 0.725, 23.77629],
			"to": [9.75, 3.01061, 29.25],
			"rotation": {"angle": 22.5, "axis": "x", "origin": [8, 1.475, 24.25]},
			"faces": {
				"north": {"uv": [0, 0, 5.5, 2.25], "texture": "#0"},
				"east": {"uv": [0, 0, 5.5, 2.25], "texture": "#0"},
				"south": {"uv": [0, 0, 5.5, 2.25], "texture": "#0"},
				"west": {"uv": [0, 0, 5.5, 2.25], "texture": "#0"},
				"up": {"uv": [0, 0, 5.5, 2.25], "texture": "#0"},
				"down": {"uv": [0, 0, 5.5, 2.25], "texture": "#0"}
			}
		},
		{
			"from": [6.25, 0.825, 24.4],
			"to": [9.75, 3.075, 31.5],
			"rotation": {"angle": 0, "axis": "x", "origin": [8, 1.575, 24.9]},
			"faces": {
				"north": {"uv": [0, 0, 7.1, 2.25], "texture": "#0"},
				"east": {"uv": [0, 0, 7.1, 2.25], "texture": "#0"},
				"south": {"uv": [0, 0, 7.1, 2.25], "texture": "#0"},
				"west": {"uv": [0, 0, 7.1, 2.25], "texture": "#0"},
				"up": {"uv": [0, 0, 7.1, 2.25], "texture": "#0"},
				"down": {"uv": [0, 0, 7.1, 2.25], "texture": "#0"}
			}
		},
		{
			"from": [6.25, -4.175, 23.8],
			"to": [9.75, -1.925, 28.7],
			"rotation": {"angle": 0, "axis": "x", "origin": [8, -3.425, 24.9]},
			"faces": {
				"north": {"uv": [0, 13, 4.9, 15.25], "texture": "#1"},
				"east": {"uv": [0, 13, 4.9, 15.25], "texture": "#1"},
				"south": {"uv": [0, 13, 4.9, 15.25], "texture": "#1"},
				"west": {"uv": [0, 13, 4.9, 15.25], "texture": "#1"},
				"up": {"uv": [0, 13, 4.9, 15.25], "texture": "#1"},
				"down": {"uv": [0, 13, 4.9, 15.25], "texture": "#1"}
			}
		},
		{
			"from": [6.25, -2.925, 21.3],
			"to": [9.75, -1.925, 28.7],
			"rotation": {"angle": 0, "axis": "x", "origin": [8, -3.425, 24.9]},
			"faces": {
				"north": {"uv": [0, 13, 4.9, 15.25], "texture": "#1"},
				"east": {"uv": [0, 13, 4.9, 15.25], "texture": "#1"},
				"south": {"uv": [0, 13, 4.9, 15.25], "texture": "#1"},
				"west": {"uv": [0, 13, 4.9, 15.25], "texture": "#1"},
				"up": {"uv": [0, 13, 4.9, 15.25], "texture": "#1"},
				"down": {"uv": [0, 13, 4.9, 15.25], "texture": "#1"}
			}
		},
		{
			"from": [6, -0.175, 27.8],
			"to": [10, 2.075, 30.85],
			"rotation": {"angle": 45, "axis": "x", "origin": [8, 0.575, 24.9]},
			"faces": {
				"north": {"uv": [0, 0, 3.05, 2.25], "texture": "#0"},
				"east": {"uv": [0, 0, 3.05, 2.25], "texture": "#0"},
				"south": {"uv": [0, 0, 3.05, 2.25], "texture": "#0"},
				"west": {"uv": [0, 0, 3.05, 2.25], "texture": "#0"},
				"up": {"uv": [0, 0, 3.05, 2.25], "texture": "#0"},
				"down": {"uv": [0, 0, 3.05, 2.25], "texture": "#0"}
			}
		},
		{
			"from": [6, -4.175, 28.65],
			"to": [10, -1.925, 32],
			"rotation": {"angle": 0, "axis": "x", "origin": [8, -3.425, 26.15]},
			"faces": {
				"north": {"uv": [0, 0, 3.35, 2.25], "texture": "#0"},
				"east": {"uv": [0, 0, 3.35, 2.25], "texture": "#0"},
				"south": {"uv": [0, 0, 3.35, 2.25], "texture": "#0"},
				"west": {"uv": [0, 0, 3.35, 2.25], "texture": "#0"},
				"up": {"uv": [0, 0, 3.35, 2.25], "texture": "#0"},
				"down": {"uv": [0, 0, 3.35, 2.25], "texture": "#0"}
			}
		},
		{
			"from": [5.75, -2, 31.5],
			"to": [10.25, 1, 32],
			"faces": {
				"north": {"uv": [0, 0, 0.5, 3], "texture": "#0"},
				"east": {"uv": [0, 0, 0.5, 3], "texture": "#0"},
				"south": {"uv": [0, 0, 0.5, 3], "texture": "#0"},
				"west": {"uv": [0, 0, 0.5, 3], "texture": "#0"},
				"up": {"uv": [0, 0, 0.5, 3], "texture": "#0"},
				"down": {"uv": [0, 0, 0.5, 3], "texture": "#0"}
			}
		},
		{
			"from": [6, 1, 31.5],
			"to": [10, 3.1, 32],
			"faces": {
				"north": {"uv": [0, 0, 0.5, 2.1], "texture": "#0"},
				"east": {"uv": [0, 0, 0.5, 2.1], "texture": "#0"},
				"south": {"uv": [0, 0, 0.5, 2.1], "texture": "#0"},
				"west": {"uv": [0, 0, 0.5, 2.1], "texture": "#0"},
				"up": {"uv": [0, 0, 0.5, 2.1], "texture": "#0"},
				"down": {"uv": [0, 0, 0.5, 2.1], "texture": "#0"}
			}
		},
		{
			"from": [6, -1, -7],
			"to": [10, 1, 3],
			"faces": {
				"north": {"uv": [0, 0, 10, 2], "texture": "#0"},
				"east": {"uv": [0, 0, 10, 2], "texture": "#0"},
				"south": {"uv": [0, 0, 10, 2], "texture": "#0"},
				"west": {"uv": [0, 0, 10, 2], "texture": "#0"},
				"up": {"uv": [0, 0, 10, 2], "texture": "#0"},
				"down": {"uv": [0, 0, 10, 2], "texture": "#0"}
			}
		},
		{
			"name": "octagon",
			"from": [7.79289, 6.7, 12.5],
			"to": [8.20711, 6.85, 13],
			"rotation": {"angle": 45, "axis": "z", "origin": [8, 6.35, 12.5]},
			"faces": {
				"north": {"uv": [0, 0, 0.41422, 0.15], "texture": "#1", "rotation": 180},
				"east": {"uv": [0, 0, 0.5, 0.15], "texture": "#1", "rotation": 180},
				"south": {"uv": [0, 0, 0.41422, 0.15], "texture": "#1", "rotation": 180},
				"west": {"uv": [0, 0, 0.5, 0.15], "texture": "#1", "rotation": 180},
				"up": {"uv": [0, 0, 0.41422, 0.5], "texture": "#1", "rotation": 180},
				"down": {"uv": [0, 0, 0.41422, 0.5], "texture": "#1", "rotation": 180}
			}
		},
		{
			"name": "octagon",
			"from": [7.79289, 6.7, 12.5],
			"to": [8.20711, 6.85, 13],
			"rotation": {"angle": 0, "axis": "z", "origin": [8, 6.35, 12.5]},
			"faces": {
				"north": {"uv": [0, 0, 0.41422, 0.15], "texture": "#1", "rotation": 180},
				"east": {"uv": [0, 0, 0.5, 0.15], "texture": "#1", "rotation": 180},
				"south": {"uv": [0, 0, 0.41422, 0.15], "texture": "#1", "rotation": 180},
				"west": {"uv": [0, 0, 0.5, 0.15], "texture": "#1", "rotation": 180},
				"up": {"uv": [0, 0, 0.41422, 0.5], "texture": "#1", "rotation": 180},
				"down": {"uv": [0, 0, 0.41422, 0.5], "texture": "#1", "rotation": 180}
			}
		},
		{
			"name": "octagon",
			"from": [7.79289, 5.825, 12.5],
			"to": [8.20711, 5.975, 13],
			"rotation": {"angle": 45, "axis": "z", "origin": [8, 6.35, 12.5]},
			"faces": {
				"north": {"uv": [0, 0, 0.41422, 0.15], "texture": "#1", "rotation": 180},
				"east": {"uv": [0, 0, 0.5, 0.15], "texture": "#1", "rotation": 180},
				"south": {"uv": [0, 0, 0.41422, 0.15], "texture": "#1", "rotation": 180},
				"west": {"uv": [0, 0, 0.5, 0.15], "texture": "#1", "rotation": 180},
				"up": {"uv": [0, 0, 0.41422, 0.5], "texture": "#1", "rotation": 180},
				"down": {"uv": [0, 0, 0.41422, 0.5], "texture": "#1", "rotation": 180}
			}
		},
		{
			"name": "octagon",
			"from": [7.79289, 5.475, 11.75],
			"to": [8.20711, 5.975, 13.1],
			"rotation": {"angle": 0, "axis": "z", "origin": [8, 6.35, 12.5]},
			"faces": {
				"north": {"uv": [0, 0, 0.41421, 1.35], "texture": "#1", "rotation": 180},
				"east": {"uv": [0, 0, 0.41421, 1.35], "texture": "#1", "rotation": 180},
				"south": {"uv": [0, 0, 0.41421, 0.125], "texture": "#1", "rotation": 180},
				"west": {"uv": [0, 0, 1.35, 0.125], "texture": "#1", "rotation": 180},
				"up": {"uv": [0, 0, 0.41421, 1.35], "texture": "#1", "rotation": 180},
				"down": {"uv": [0, 0, 0.41421, 1.35], "texture": "#1", "rotation": 180}
			}
		},
		{
			"name": "octagon",
			"from": [7.5, 6.14289, 12.5],
			"to": [7.625, 6.55711, 13],
			"rotation": {"angle": 45, "axis": "z", "origin": [8, 6.35, 12.5]},
			"faces": {
				"north": {"uv": [0, 0, 0.125, 0.5], "texture": "#1", "rotation": 180},
				"east": {"uv": [0, 0, 0.125, 0.5], "texture": "#1", "rotation": 180},
				"south": {"uv": [0, 0, 0.125, 0.41421], "texture": "#1", "rotation": 180},
				"west": {"uv": [0, 0, 0.5, 0.41421], "texture": "#1", "rotation": 180},
				"up": {"uv": [0, 0, 0.125, 0.5], "texture": "#1", "rotation": 180},
				"down": {"uv": [0, 0, 0.125, 0.5], "texture": "#1", "rotation": 180}
			}
		},
		{
			"name": "octagon",
			"from": [7.5, 6.14289, 12.5],
			"to": [7.625, 6.55711, 13],
			"rotation": {"angle": 0, "axis": "z", "origin": [8, 6.35, 12.5]},
			"faces": {
				"north": {"uv": [0, 0, 0.125, 0.5], "texture": "#1", "rotation": 180},
				"east": {"uv": [0, 0, 0.125, 0.5], "texture": "#1", "rotation": 180},
				"south": {"uv": [0, 0, 0.125, 0.41421], "texture": "#1", "rotation": 180},
				"west": {"uv": [0, 0, 0.5, 0.41421], "texture": "#1", "rotation": 180},
				"up": {"uv": [0, 0, 0.125, 0.5], "texture": "#1", "rotation": 180},
				"down": {"uv": [0, 0, 0.125, 0.5], "texture": "#1", "rotation": 180}
			}
		},
		{
			"name": "octagon",
			"from": [8.375, 6.14289, 12.5],
			"to": [8.5, 6.55711, 13],
			"rotation": {"angle": 45, "axis": "z", "origin": [8, 6.35, 12.5]},
			"faces": {
				"north": {"uv": [0, 0, 0.125, 0.5], "texture": "#1", "rotation": 180},
				"east": {"uv": [0, 0, 0.125, 0.5], "texture": "#1", "rotation": 180},
				"south": {"uv": [0, 0, 0.125, 0.41421], "texture": "#1", "rotation": 180},
				"west": {"uv": [0, 0, 0.5, 0.41421], "texture": "#1", "rotation": 180},
				"up": {"uv": [0, 0, 0.125, 0.5], "texture": "#1", "rotation": 180},
				"down": {"uv": [0, 0, 0.125, 0.5], "texture": "#1", "rotation": 180}
			}
		},
		{
			"name": "octagon",
			"from": [8.375, 6.14289, 12.5],
			"to": [8.5, 6.55711, 13],
			"rotation": {"angle": 0, "axis": "z", "origin": [8, 6.35, 12.5]},
			"faces": {
				"north": {"uv": [0, 0, 0.125, 0.5], "texture": "#1", "rotation": 180},
				"east": {"uv": [0, 0, 0.125, 0.5], "texture": "#1", "rotation": 180},
				"south": {"uv": [0, 0, 0.125, 0.41421], "texture": "#1", "rotation": 180},
				"west": {"uv": [0, 0, 0.5, 0.41421], "texture": "#1", "rotation": 180},
				"up": {"uv": [0, 0, 0.125, 0.5], "texture": "#1", "rotation": 180},
				"down": {"uv": [0, 0, 0.125, 0.5], "texture": "#1", "rotation": 180}
			}
		},
		{
			"name": "octagon",
			"from": [7.84467, 6.6, -5.95],
			"to": [8.05533, 6.725, -5.5],
			"rotation": {"angle": 45, "axis": "z", "origin": [8, 6.35, -5.25]},
			"faces": {
				"north": {"uv": [0, 0, 0.31066, 0.25], "texture": "#1", "rotation": 180},
				"east": {"uv": [0, 0, 0.31066, 0.25], "texture": "#1", "rotation": 180},
				"south": {"uv": [0, 0, 0.31066, 0.125], "texture": "#1", "rotation": 180},
				"west": {"uv": [0, 0, 0.25, 0.125], "texture": "#1", "rotation": 180},
				"up": {"uv": [0, 0, 0.31066, 0.25], "texture": "#1", "rotation": 180},
				"down": {"uv": [0, 0, 0.31066, 0.25], "texture": "#1", "rotation": 180}
			}
		},
		{
			"name": "octagon",
			"from": [7.84467, 5.975, -5.95],
			"to": [8.15533, 6.1, -5.5],
			"rotation": {"angle": 45, "axis": "z", "origin": [8, 6.35, -5.25]},
			"faces": {
				"north": {"uv": [0, 0, 0.31066, 0.25], "texture": "#1", "rotation": 180},
				"east": {"uv": [0, 0, 0.31066, 0.25], "texture": "#1", "rotation": 180},
				"south": {"uv": [0, 0, 0.31066, 0.125], "texture": "#1", "rotation": 180},
				"west": {"uv": [0, 0, 0.25, 0.125], "texture": "#1", "rotation": 180},
				"up": {"uv": [0, 0, 0.31066, 0.25], "texture": "#1", "rotation": 180},
				"down": {"uv": [0, 0, 0.31066, 0.25], "texture": "#1", "rotation": 180}
			}
		},
		{
			"name": "octagon",
			"from": [7.84467, 5.525, -6.2],
			"to": [8.15533, 6.1, -5.25],
			"rotation": {"angle": 0, "axis": "z", "origin": [8, 6.35, -5.25]},
			"faces": {
				"north": {"uv": [0, 0, 0.31066, 0.75], "texture": "#1", "rotation": 180},
				"east": {"uv": [0, 0, 0.31066, 0.75], "texture": "#1", "rotation": 180},
				"south": {"uv": [0, 0, 0.31066, 0.375], "texture": "#1", "rotation": 180},
				"west": {"uv": [0, 0, 0.75, 0.375], "texture": "#1", "rotation": 180},
				"up": {"uv": [0, 0, 0.31066, 0.75], "texture": "#1", "rotation": 180},
				"down": {"uv": [0, 0, 0.31066, 0.75], "texture": "#1", "rotation": 180}
			}
		},
		{
			"name": "octagon",
			"from": [7.625, 6.19467, -5.95],
			"to": [7.75, 6.50533, -5.5],
			"rotation": {"angle": 45, "axis": "z", "origin": [8, 6.35, -5.25]},
			"faces": {
				"north": {"uv": [0, 0, 0.125, 0.25], "texture": "#1", "rotation": 180},
				"east": {"uv": [0, 0, 0.125, 0.25], "texture": "#1", "rotation": 180},
				"south": {"uv": [0, 0, 0.125, 0.31066], "texture": "#1", "rotation": 180},
				"west": {"uv": [0, 0, 0.25, 0.31066], "texture": "#1", "rotation": 180},
				"up": {"uv": [0, 0, 0.125, 0.25], "texture": "#1", "rotation": 180},
				"down": {"uv": [0, 0, 0.125, 0.25], "texture": "#1", "rotation": 180}
			}
		},
		{
			"name": "octagon",
			"from": [7.625, 6.19467, -5.95],
			"to": [7.75, 6.50533, -5.5],
			"rotation": {"angle": 0, "axis": "z", "origin": [8, 6.35, -5.25]},
			"faces": {
				"north": {"uv": [0, 0, 0.125, 0.25], "texture": "#1", "rotation": 180},
				"east": {"uv": [0, 0, 0.125, 0.25], "texture": "#1", "rotation": 180},
				"south": {"uv": [0, 0, 0.125, 0.31066], "texture": "#1", "rotation": 180},
				"west": {"uv": [0, 0, 0.25, 0.31066], "texture": "#1", "rotation": 180},
				"up": {"uv": [0, 0, 0.125, 0.25], "texture": "#1", "rotation": 180},
				"down": {"uv": [0, 0, 0.125, 0.25], "texture": "#1", "rotation": 180}
			}
		},
		{
			"name": "octagon",
			"from": [8.25, 6.19467, -5.95],
			"to": [8.375, 6.40533, -5.5],
			"rotation": {"angle": 45, "axis": "z", "origin": [8, 6.35, -5.25]},
			"faces": {
				"north": {"uv": [0, 0, 0.125, 0.25], "texture": "#1", "rotation": 180},
				"east": {"uv": [0, 0, 0.125, 0.25], "texture": "#1", "rotation": 180},
				"south": {"uv": [0, 0, 0.125, 0.31066], "texture": "#1", "rotation": 180},
				"west": {"uv": [0, 0, 0.25, 0.31066], "texture": "#1", "rotation": 180},
				"up": {"uv": [0, 0, 0.125, 0.25], "texture": "#1", "rotation": 180},
				"down": {"uv": [0, 0, 0.125, 0.25], "texture": "#1", "rotation": 180}
			}
		},
		{
			"name": "octagon",
			"from": [8.25, 6.19467, -5.95],
			"to": [8.375, 6.50533, -5.5],
			"rotation": {"angle": 0, "axis": "z", "origin": [8, 6.35, -5.25]},
			"faces": {
				"north": {"uv": [0, 0, 0.125, 0.25], "texture": "#1", "rotation": 180},
				"east": {"uv": [0, 0, 0.125, 0.25], "texture": "#1", "rotation": 180},
				"south": {"uv": [0, 0, 0.125, 0.31066], "texture": "#1", "rotation": 180},
				"west": {"uv": [0, 0, 0.25, 0.31066], "texture": "#1", "rotation": 180},
				"up": {"uv": [0, 0, 0.125, 0.25], "texture": "#1", "rotation": 180},
				"down": {"uv": [0, 0, 0.125, 0.25], "texture": "#1", "rotation": 180}
			}
		},
		{
			"name": "octagon",
			"from": [7.94467, 6.075, -5.95],
			"to": [8.05533, 6.3, -5.5],
			"rotation": {"angle": 0, "axis": "z", "origin": [8, 6.45, -5.25]},
			"faces": {
				"north": {"uv": [0, 0, 0.11066, 0.25], "texture": "#1", "rotation": 180},
				"east": {"uv": [0, 0, 0.11066, 0.25], "texture": "#1", "rotation": 180},
				"south": {"uv": [0, 0, 0.11066, 0.225], "texture": "#1", "rotation": 180},
				"west": {"uv": [0, 0, 0.25, 0.225], "texture": "#1", "rotation": 180},
				"up": {"uv": [0, 0, 0.11066, 0.25], "texture": "#1", "rotation": 180},
				"down": {"uv": [0, 0, 0.11066, 0.25], "texture": "#1", "rotation": 180}
			}
		}
	],
	"display": {
		"thirdperson_righthand": {
			"scale": [0.75, 0.75, 0.75],
			"translation": [0, 7, 1]
		},
		"thirdperson_lefthand": {
			"scale": [0.75, 0.75, 0.75],
			"translation": [0, 7, 1]
		},
		"firstperson_righthand": {
			"scale": [1, 1, 0.25],
			"translation": [-9, 10, 6]
		},
		"firstperson_lefthand": {
			"scale": [1, 1, 0.25],
			"translation": [-9, 10, 6.3]
		},
		"head": {
			"rotation": [90, -151, 90],
			"translation": [8, -15.5, 4.5]
		},
		"ground": {
			"scale": [0.5, 0.5, 0.5],
			"translation": [0, 11, 0]
		},
		"fixed": {
			"rotation": [0, 90, 0],
			"translation": [0, 7.5, -1.5]
		},
		"gui": {
			"rotation": [23, 145, 0],
			"translation": [-0.25, 3, 0],
			"scale": [0.5, 0.5, 0.5]
		}
	},
	"groups": [0, 1,
		{
			"name": "octagon",
			"isOpen": true,
			"shade": true,
			"display": {
				"visibility": true,
				"autouv": true
			},
			"children": [2, 3, 4, 5, 6, 7, 8, 9]
		}, 10, 11, 12, 13, 14, 15, 16, 17, 18, 19, 20, 21, 22, 23, 24, 25, 26, 27, 28, 29, 30, 31, 32,
		{
			"name": "octagon",
			"isOpen": true,
			"shade": true,
			"display": {
				"visibility": true,
				"autouv": true
			},
			"children": [33, 34, 35, 36, 37, 38, 39, 40]
		}, 41, 42, 43, 44, 45, 46, 47, 48, 49, 50, 51, 52, 53, 54, 55, 56, 57, 58, 59, 60, 61, 62, 63, 64, 65, 66, 67, 68, 69, 70, 71, 72, 73, 74,
		{
			"name": "octagon",
			"isOpen": true,
			"shade": true,
			"display": {
				"visibility": true,
				"autouv": true
			},
			"children": [75, 76, 77, 78, 79, 80, 81, 82]
		},
		{
			"name": "octagon",
			"isOpen": true,
			"shade": true,
			"display": {
				"visibility": true,
				"autouv": true
			},
			"children": [83, 84, 85, 86, 87, 88, 89, 90]
		}
	]
}