{
	"credit": "Made with Blockbench",
	"textures": {
		"0": "custom/anvil_top_damaged_0",
		"1": "custom/black-metal",
		"3": "custom/brushed-metal",
		"4": "custom/middle"
	},
	"elements": [
		{
			"from": [6.6, -2.05, -4],
			"to": [9.5, 1.9, 7.9],
			"faces": {
				"north": {"uv": [0, 0, 11.9, 3.95], "texture": "#3"},
				"east": {"uv": [0, 0, 11.9, 3.95], "texture": "#3"},
				"south": {"uv": [0, 0, 11.9, 3.95], "texture": "#3"},
				"west": {"uv": [0, 0, 11.9, 3.95], "texture": "#3"},
				"up": {"uv": [0, 0, 11.9, 3.95], "texture": "#3"},
				"down": {"uv": [0, 0, 11.9, 3.95], "texture": "#3"}
			}
		},
		{
			"from": [7.25, 0.25, -14],
			"to": [8.75, 1.75, -4],
			"faces": {
				"north": {"uv": [12, 0, 16, 1.7], "texture": "#3"},
				"east": {"uv": [12, 0, 16, 1.7], "texture": "#3"},
				"south": {"uv": [12, 0, 16, 1.7], "texture": "#3"},
				"west": {"uv": [6, 0, 10, 1.7], "texture": "#3"},
				"up": {"uv": [12, 0, 16, 1.7], "texture": "#3"},
				"down": {"uv": [12, 0, 16, 1.7], "texture": "#3"}
			}
		},
		{
			"from": [7, -3, 19],
			"to": [9, 0, 32],
			"rotation": {"angle": 22.5, "axis": "x", "origin": [8, -1, 26]},
			"faces": {
				"north": {"uv": [0, 0, 2, 3], "texture": "#1"},
				"east": {"uv": [0, 0, 2, 3], "texture": "#1"},
				"south": {"uv": [0, 0, 2, 3], "texture": "#1"},
				"west": {"uv": [0, 0, 2, 3], "texture": "#1"},
				"up": {"uv": [0, 0, 2, 3], "texture": "#1"},
				"down": {"uv": [0, 0, 2, 3], "texture": "#1"}
			}
		},
		{
			"from": [7, 1.9, -4],
			"to": [9.05, 2.9, 6],
			"faces": {
				"north": {"uv": [0, 0, 10, 1], "texture": "#1"},
				"east": {"uv": [0, 0, 10, 1], "texture": "#1"},
				"south": {"uv": [0, 0, 10, 1], "texture": "#1"},
				"west": {"uv": [0, 0, 10, 1], "texture": "#1"},
				"up": {"uv": [0, 0, 10, 1], "texture": "#1"},
				"down": {"uv": [0, 0, 10, 1], "texture": "#1"}
			}
		},
		{
			"from": [6.6, 1.7, -4],
			"to": [7.7, 2.8, 6],
			"rotation": {"angle": -22.5, "axis": "z", "origin": [7.1, 1.8, 1.5]},
			"faces": {
				"north": {"uv": [0, 0, 1.1, 10], "rotation": 270, "texture": "#1"},
				"east": {"uv": [0, 0, 1.1, 10], "rotation": 270, "texture": "#1"},
				"south": {"uv": [0, 0, 1.1, 10], "rotation": 270, "texture": "#1"},
				"west": {"uv": [0, 0, 1.1, 10], "rotation": 270, "texture": "#1"},
				"up": {"uv": [0, 0, 1.1, 10], "rotation": 270, "texture": "#1"},
				"down": {"uv": [0, 0, 1.1, 10], "rotation": 270, "texture": "#1"}
			}
		},
		{
			"from": [8.4, 1.7, -4],
			"to": [9.5, 2.8, 6],
			"rotation": {"angle": 22.5, "axis": "z", "origin": [9, 1.8, 1.5]},
			"faces": {
				"north": {"uv": [0, 0, 1.1, 10], "rotation": 90, "texture": "#1"},
				"east": {"uv": [0, 0, 1.1, 10], "rotation": 90, "texture": "#1"},
				"south": {"uv": [0, 0, 1.1, 10], "rotation": 90, "texture": "#1"},
				"west": {"uv": [0, 0, 1.1, 10], "rotation": 90, "texture": "#1"},
				"up": {"uv": [0, 0, 1.1, 10], "rotation": 90, "texture": "#1"},
				"down": {"uv": [0, 0, 1.1, 10], "rotation": 90, "texture": "#1"}
			}
		},
		{
			"from": [7, 1, -6.65],
			"to": [9.05, 2.4, -3.65],
			"rotation": {"angle": -22.5, "axis": "x", "origin": [8.025, 1.7, -5.15]},
			"faces": {
				"north": {"uv": [0, 0, 3, 1.4], "texture": "#3"},
				"east": {"uv": [0, 0, 3, 1.4], "texture": "#3"},
				"south": {"uv": [0, 0, 3, 1.4], "texture": "#3"},
				"west": {"uv": [0, 0, 3, 1.4], "texture": "#3"},
				"up": {"uv": [0, 0, 3, 1.4], "texture": "#3"},
				"down": {"uv": [0, 0, 3, 1.4], "texture": "#3"}
			}
		},
		{
			"from": [7.1, 0.1, -9],
			"to": [8.95, 1.9, -4],
			"faces": {
				"north": {"uv": [0, 0, 5, 1.8], "texture": "#3"},
				"east": {"uv": [0, 0, 5, 1.8], "texture": "#3"},
				"south": {"uv": [0, 0, 5, 1.8], "texture": "#3"},
				"west": {"uv": [0, 0, 5, 1.8], "texture": "#3"},
				"up": {"uv": [0, 0, 5, 1.8], "texture": "#3"},
				"down": {"uv": [0, 0, 5, 1.8], "texture": "#3"}
			}
		},
		{
			"from": [7.15, 0.15, -16],
			"to": [8.85, 1.85, -14],
			"faces": {
				"north": {"uv": [12, 0, 16, 1.7], "texture": "#3"},
				"east": {"uv": [12, 0, 16, 1.7], "texture": "#3"},
				"south": {"uv": [12, 0, 16, 1.7], "texture": "#3"},
				"west": {"uv": [6, 0, 10, 1.7], "texture": "#3"},
				"up": {"uv": [12, 0, 16, 1.7], "texture": "#3"},
				"down": {"uv": [12, 0, 16, 1.7], "texture": "#3"}
			}
		},
		{
			"from": [7.1, -2, -7],
			"to": [8.95, -0.4, -4],
			"faces": {
				"north": {"uv": [0, 0, 3, 1.6], "texture": "#1"},
				"east": {"uv": [0, 0, 3, 1.6], "texture": "#1"},
				"south": {"uv": [0, 0, 3, 1.6], "texture": "#1"},
				"west": {"uv": [0, 0, 3, 1.6], "texture": "#1"},
				"up": {"uv": [0, 0, 3, 1.6], "texture": "#1"},
				"down": {"uv": [0, 0, 3, 1.6], "texture": "#1"}
			}
		},
		{
			"from": [7, -2.1, -8.25],
			"to": [9.05, -0.3, -8],
			"faces": {
				"north": {"uv": [0, 0, 2.05, 1.8], "texture": "#1"},
				"east": {"uv": [0, 0, 2.05, 1.8], "texture": "#1"},
				"south": {"uv": [0, 0, 2.05, 1.8], "texture": "#1"},
				"west": {"uv": [0, 0, 2.05, 1.8], "texture": "#1"},
				"up": {"uv": [0, 0, 2.05, 1.8], "texture": "#1"},
				"down": {"uv": [0, 0, 2.05, 1.8], "texture": "#1"}
			}
		},
		{
			"from": [7.25, -1.85, -8],
			"to": [8.8, -0.55, -7],
			"faces": {
				"north": {"uv": [0, 0, 1, 1.3], "texture": "#3"},
				"east": {"uv": [0, 0, 1, 1.3], "texture": "#3"},
				"south": {"uv": [0, 0, 1, 1.3], "texture": "#3"},
				"west": {"uv": [0, 0, 1, 1.3], "texture": "#3"},
				"up": {"uv": [0, 0, 1, 1.3], "texture": "#3"},
				"down": {"uv": [0, 0, 1, 1.3], "texture": "#3"}
			}
		},
		{
			"from": [7.5, -0.4, -7],
			"to": [8.55, 0.15, -5.75],
			"faces": {
				"north": {"uv": [0, 0, 3, 0.55], "texture": "#3"},
				"east": {"uv": [0, 0, 3, 0.55], "texture": "#3"},
				"south": {"uv": [0, 0, 3, 0.55], "texture": "#3"},
				"west": {"uv": [0, 0, 3, 0.55], "texture": "#3"},
				"up": {"uv": [0, 0, 3, 0.55], "texture": "#3"},
				"down": {"uv": [0, 0, 3, 0.55], "texture": "#3"}
			}
		},
		{
			"from": [5.75, -3.05, 0],
			"to": [10.2, 1.25, 7.25],
			"faces": {
				"north": {"uv": [0, 0, 7.25, 4.3], "texture": "#1"},
				"east": {"uv": [0, 0, 7.25, 4.3], "texture": "#1"},
				"south": {"uv": [0, 0, 7.25, 4.3], "texture": "#1"},
				"west": {"uv": [0, 0, 7.25, 4.3], "texture": "#1"},
				"up": {"uv": [0, 0, 7.25, 4.3], "texture": "#1"},
				"down": {"uv": [0, 0, 7.25, 4.3], "texture": "#1"}
			}
		},
		{
			"from": [5.75, -1.2, -3],
			"to": [10.2, 1.25, 0],
			"faces": {
				"north": {"uv": [0, 0, 3, 2.45], "texture": "#1"},
				"east": {"uv": [0, 0, 3, 2.45], "texture": "#1"},
				"south": {"uv": [0, 0, 3, 2.45], "texture": "#1"},
				"west": {"uv": [0, 0, 3, 2.45], "texture": "#1"},
				"up": {"uv": [0, 0, 3, 2.45], "texture": "#1"},
				"down": {"uv": [0, 0, 3, 2.45], "texture": "#1"}
			}
		},
		{
			"from": [6, -2.5, -1.25],
			"to": [9.95, -1.5, -0.25],
			"faces": {
				"north": {"uv": [0, 0, 1, 1], "texture": "#3"},
				"east": {"uv": [0, 0, 1, 1], "texture": "#3"},
				"south": {"uv": [0, 0, 1, 1], "texture": "#3"},
				"west": {"uv": [0, 0, 1, 1], "texture": "#3"},
				"up": {"uv": [0, 0, 1, 1], "texture": "#3"},
				"down": {"uv": [0, 0, 1, 1], "texture": "#3"}
			}
		},
		{
			"from": [7.6, 1.625, -8.675],
			"to": [8.45, 3.125, -8.225],
			"rotation": {"angle": -22.5, "axis": "x", "origin": [8.025, 2.375, -8.25]},
			"faces": {
				"north": {"uv": [0, 0, 1.5, 0.45], "rotation": 270, "texture": "#3"},
				"east": {"uv": [0, 0, 1.5, 0.45], "rotation": 270, "texture": "#3"},
				"south": {"uv": [0, 0, 1.5, 0.45], "rotation": 270, "texture": "#3"},
				"west": {"uv": [0, 0, 1.5, 0.45], "rotation": 270, "texture": "#3"},
				"up": {"uv": [0, 0, 1.5, 0.45], "rotation": 270, "texture": "#3"},
				"down": {"uv": [0, 0, 1.5, 0.45], "rotation": 270, "texture": "#3"}
			}
		},
		{
			"from": [7.6, 1.85, -9],
			"to": [8.45, 3.6, -8.5],
			"faces": {
				"north": {"uv": [0, 0, 0.5, 1.75], "texture": "#3"},
				"east": {"uv": [0, 0, 0.5, 1.75], "texture": "#3"},
				"south": {"uv": [0, 0, 0.5, 1.75], "texture": "#3"},
				"west": {"uv": [0, 0, 0.5, 1.75], "texture": "#3"},
				"up": {"uv": [0, 0, 0.5, 1.75], "texture": "#3"},
				"down": {"uv": [0, 0, 0.5, 1.75], "texture": "#3"}
			}
		},
		{
			"from": [7.6, 3.55, -9],
			"to": [7.8, 4.2, -8.5],
			"faces": {
				"north": {"uv": [0, 0, 0.5, 0.65], "texture": "#3"},
				"east": {"uv": [0, 0, 0.5, 0.65], "texture": "#3"},
				"south": {"uv": [0, 0, 0.5, 0.65], "texture": "#3"},
				"west": {"uv": [0, 0, 0.5, 0.65], "texture": "#3"},
				"up": {"uv": [0, 0, 0.5, 0.65], "texture": "#3"},
				"down": {"uv": [0, 0, 0.5, 0.65], "texture": "#3"}
			}
		},
		{
			"from": [8.25, 3.55, -9],
			"to": [8.45, 4.2, -8.5],
			"faces": {
				"north": {"uv": [0, 0, 0.5, 0.65], "texture": "#3"},
				"east": {"uv": [0, 0, 0.5, 0.65], "texture": "#3"},
				"south": {"uv": [0, 0, 0.5, 0.65], "texture": "#3"},
				"west": {"uv": [0, 0, 0.5, 0.65], "texture": "#3"},
				"up": {"uv": [0, 0, 0.5, 0.65], "texture": "#3"},
				"down": {"uv": [0, 0, 0.5, 0.65], "texture": "#3"}
			}
		},
		{
			"from": [6.6, -2.05, 7.9],
			"to": [9.5, 2.9, 20],
			"faces": {
				"north": {"uv": [0, 0, 15.1, 4.95], "texture": "#3"},
				"east": {"uv": [0, 0, 15.1, 4.95], "texture": "#3"},
				"south": {"uv": [0, 0, 15.1, 4.95], "texture": "#3"},
				"west": {"uv": [0, 0, 15.1, 4.95], "texture": "#3"},
				"up": {"uv": [0, 0, 15.1, 4.95], "texture": "#3"},
				"down": {"uv": [0, 0, 15.1, 4.95], "texture": "#3"}
			}
		},
		{
			"from": [6.75, -3.5, 26.4],
			"to": [9.25, 1, 32],
			"faces": {
				"north": {"uv": [0, 0, 2, 4.5], "texture": "#1"},
				"east": {"uv": [0, 0, 2, 4.5], "texture": "#1"},
				"south": {"uv": [0, 0, 2, 4.5], "texture": "#1"},
				"west": {"uv": [0, 0, 2, 4.5], "texture": "#1"},
				"up": {"uv": [0, 0, 2, 4.5], "texture": "#1"},
				"down": {"uv": [0, 0, 2, 4.5], "texture": "#1"}
			}
		},
		{
			"from": [6.75, -7, 25.7],
			"to": [9.25, -3.5, 32],
			"faces": {
				"north": {"uv": [0, 0, 2, 3.5], "texture": "#1"},
				"east": {"uv": [0, 0, 2, 3.5], "texture": "#1"},
				"south": {"uv": [0, 0, 2, 3.5], "texture": "#1"},
				"west": {"uv": [0, 0, 2, 3.5], "texture": "#1"},
				"up": {"uv": [0, 0, 2, 3.5], "texture": "#1"},
				"down": {"uv": [0, 0, 2, 3.5], "texture": "#1"}
			}
		},
		{
			"from": [6.75, -6, 24.8],
			"to": [9.25, -2, 26.3],
			"rotation": {"angle": 22.5, "axis": "x", "origin": [8, -5, 23.55]},
			"faces": {
				"north": {"uv": [0, 0, 2, 4], "texture": "#1"},
				"east": {"uv": [0, 0, 2, 4], "texture": "#1"},
				"south": {"uv": [0, 0, 2, 4], "texture": "#1"},
				"west": {"uv": [0, 0, 2, 4], "texture": "#1"},
				"up": {"uv": [0, 0, 2, 4], "texture": "#1"},
				"down": {"uv": [0, 0, 2, 4], "texture": "#1"}
			}
		},
		{
			"from": [6.75, -7, 24.3],
			"to": [9.25, -6.4, 25.7],
			"faces": {
				"north": {"uv": [0, 0, 2, 0.6], "texture": "#1"},
				"east": {"uv": [0, 0, 2, 0.6], "texture": "#1"},
				"south": {"uv": [0, 0, 2, 0.6], "texture": "#1"},
				"west": {"uv": [0, 0, 2, 0.6], "texture": "#1"},
				"up": {"uv": [0, 0, 2, 0.6], "texture": "#1"},
				"down": {"uv": [0, 0, 2, 0.6], "texture": "#1"}
			}
		},
		{
			"from": [1.6, -10.05, 8],
			"to": [9.9, -2, 12],
			"faces": {
				"north": {"uv": [0, 0, 8.3, 8.05], "texture": "#4"},
				"east": {"uv": [0, 0, 8.3, 8.05], "texture": "#4"},
				"south": {"uv": [0, 0, 8.3, 8.05], "texture": "#4"},
				"west": {"uv": [0, 0, 8.3, 8.05], "texture": "#4"},
				"up": {"uv": [0, 0, 8.3, 8.05], "texture": "#4"},
				"down": {"uv": [0, 0, 8.3, 8.05], "texture": "#4"}
			}
		},
		{
			"from": [4.35, -14, -4.5],
			"to": [6.2, -1.45, -3.5],
			"rotation": {"angle": -22.5, "axis": "z", "origin": [5.275, -8.95, -4]},
			"faces": {
				"north": {"uv": [0, 0, 1, 12.55], "texture": "#3"},
				"east": {"uv": [0, 0, 1, 12.55], "texture": "#3"},
				"south": {"uv": [0, 0, 1, 12.55], "texture": "#3"},
				"west": {"uv": [0, 0, 1, 12.55], "texture": "#3"},
				"up": {"uv": [0, 0, 1, 12.55], "texture": "#3"},
				"down": {"uv": [0, 0, 1, 12.55], "texture": "#3"}
			}
		},
		{
			"from": [9.85, -14, -4.5],
			"to": [11.7, -1.45, -3.5],
			"rotation": {"angle": 22.5, "axis": "z", "origin": [10.775, -8.95, -4]},
			"faces": {
				"north": {"uv": [0, 0, 1, 12.55], "texture": "#3"},
				"east": {"uv": [0, 0, 1, 12.55], "texture": "#3"},
				"south": {"uv": [0, 0, 1, 12.55], "texture": "#3"},
				"west": {"uv": [0, 0, 1, 12.55], "texture": "#3"},
				"up": {"uv": [0, 0, 1, 12.55], "texture": "#3"},
				"down": {"uv": [0, 0, 1, 12.55], "texture": "#3"}
			}
		},
		{
			"from": [6.6, 1.45, 6],
			"to": [9.5, 2.7, 8.3],
			"rotation": {"angle": -22.5, "axis": "x", "origin": [8.05, 1.925, 7.5]},
			"faces": {
				"north": {"uv": [0, 0, 2.3, 1.25], "texture": "#3"},
				"east": {"uv": [0, 0, 2.3, 1.25], "texture": "#3"},
				"south": {"uv": [0, 0, 2.3, 1.25], "texture": "#3"},
				"west": {"uv": [0, 0, 2.3, 1.25], "texture": "#3"},
				"up": {"uv": [0, 0, 2.3, 1.25], "texture": "#3"},
				"down": {"uv": [0, 0, 2.3, 1.25], "texture": "#3"}
			}
		},
		{
			"from": [9.5, 1.95, 6.9],
			"to": [11.5, 2.9, 8],
			"faces": {
				"north": {"uv": [0, 0, 1.1, 0.95], "texture": "#3"},
				"east": {"uv": [0, 0, 1.1, 0.95], "texture": "#3"},
				"south": {"uv": [0, 0, 1.1, 0.95], "texture": "#3"},
				"west": {"uv": [0, 0, 1.1, 0.95], "texture": "#3"},
				"up": {"uv": [0, 0, 1.1, 0.95], "texture": "#3"},
				"down": {"uv": [0, 0, 1.1, 0.95], "texture": "#3"}
			}
		},
		{
			"from": [10.7, 2.2, 3.05],
			"to": [12.1, 2.65, 3.45],
			"rotation": {"angle": 22.5, "axis": "y", "origin": [12.75, 2.425, 3.25]},
			"faces": {
				"north": {"uv": [0, 0, 0.4, 0.45], "texture": "#3"},
				"east": {"uv": [0, 0, 0.4, 0.45], "texture": "#3"},
				"south": {"uv": [0, 0, 0.4, 0.45], "texture": "#3"},
				"west": {"uv": [0, 0, 0.4, 0.45], "texture": "#3"},
				"up": {"uv": [0, 0, 0.4, 0.45], "rotation": 90, "texture": "#3"},
				"down": {"uv": [0, 0, 0.4, 0.45], "rotation": 270, "texture": "#3"}
			}
		},
		{
			"from": [10.75, 2.2, 3.9],
			"to": [11.15, 2.65, 7],
			"faces": {
				"north": {"uv": [0, 0, 3.1, 0.45], "texture": "#3"},
				"east": {"uv": [0, 0, 3.1, 0.45], "texture": "#3"},
				"south": {"uv": [0, 0, 3.1, 0.45], "texture": "#3"},
				"west": {"uv": [0, 0, 3.1, 0.45], "texture": "#3"},
				"up": {"uv": [0, 0, 3.1, 0.45], "texture": "#3"},
				"down": {"uv": [0, 0, 3.1, 0.45], "texture": "#3"}
			}
		},
		{
			"from": [12.55, 2.2, 3.2],
			"to": [12.95, 2.65, 7.5],
			"rotation": {"angle": 22.5, "axis": "y", "origin": [12.75, 2.425, 5.45]},
			"faces": {
				"north": {"uv": [0, 0, 4.3, 0.45], "texture": "#3"},
				"east": {"uv": [0, 0, 4.3, 0.45], "texture": "#3"},
				"south": {"uv": [0, 0, 4.3, 0.45], "texture": "#3"},
				"west": {"uv": [0, 0, 4.3, 0.45], "texture": "#3"},
				"up": {"uv": [0, 0, 4.3, 0.45], "texture": "#3"},
				"down": {"uv": [0, 0, 4.3, 0.45], "texture": "#3"}
			}
		},
		{
			"from": [12.85, 1.95, 4.65],
			"to": [13.75, 2.9, 8.75],
			"rotation": {"angle": 22.5, "axis": "y", "origin": [13.3, 2.425, 6.7]},
			"faces": {
				"north": {"uv": [0, 0, 4.1, 0.95], "texture": "#1"},
				"east": {"uv": [0, 0, 4.1, 0.95], "texture": "#1"},
				"south": {"uv": [0, 0, 4.1, 0.95], "texture": "#1"},
				"west": {"uv": [0, 0, 4.1, 0.95], "texture": "#1"},
				"up": {"uv": [0, 0, 4.1, 0.95], "texture": "#1"},
				"down": {"uv": [0, 0, 4.1, 0.95], "texture": "#1"}
			}
		},
		{
			"from": [6.85, 2.85, 13.7],
			"to": [9.25, 3.1, 18.2],
			"faces": {
				"north": {"uv": [0, 0, 4.5, 0.25], "texture": "#3"},
				"east": {"uv": [0, 0, 4.5, 0.25], "texture": "#3"},
				"south": {"uv": [0, 0, 4.5, 0.25], "texture": "#3"},
				"west": {"uv": [0, 0, 4.5, 0.25], "texture": "#3"},
				"up": {"uv": [0, 0, 4.5, 0.25], "texture": "#3"},
				"down": {"uv": [0, 0, 4.5, 0.25], "texture": "#3"}
			}
		},
		{
			"from": [6.85, 2.1, 13.9],
			"to": [7.25, 3.85, 18],
			"rotation": {"angle": -22.5, "axis": "x", "origin": [7.05, 2.975, 15.95]},
			"faces": {
				"north": {"uv": [0, 0, 4.1, 1.75], "texture": "#3"},
				"east": {"uv": [0, 0, 4.1, 1.75], "texture": "#3"},
				"south": {"uv": [0, 0, 4.1, 1.75], "texture": "#3"},
				"west": {"uv": [0, 0, 4.1, 1.75], "texture": "#3"},
				"up": {"uv": [0, 0, 4.1, 1.75], "texture": "#3"},
				"down": {"uv": [0, 0, 4.1, 1.75], "texture": "#3"}
			}
		},
		{
			"from": [8.85, 2.1, 13.9],
			"to": [9.25, 3.85, 18],
			"rotation": {"angle": -22.5, "axis": "x", "origin": [9.05, 2.975, 15.95]},
			"faces": {
				"north": {"uv": [0, 0, 4.1, 1.75], "texture": "#3"},
				"east": {"uv": [0, 0, 4.1, 1.75], "texture": "#3"},
				"south": {"uv": [0, 0, 4.1, 1.75], "texture": "#3"},
				"west": {"uv": [0, 0, 4.1, 1.75], "texture": "#3"},
				"up": {"uv": [0, 0, 4.1, 1.75], "texture": "#3"},
				"down": {"uv": [0, 0, 4.1, 1.75], "texture": "#3"}
			}
		},
		{
			"from": [6.6, 2.85, 9.95],
			"to": [9.5, 3.1, 11.95],
			"faces": {
				"north": {"uv": [0, 0, 2, 0.25], "texture": "#3"},
				"east": {"uv": [0, 0, 2, 0.25], "texture": "#3"},
				"south": {"uv": [0, 0, 2, 0.25], "texture": "#3"},
				"west": {"uv": [0, 0, 2, 0.25], "texture": "#3"},
				"up": {"uv": [0, 0, 2, 0.25], "texture": "#3"},
				"down": {"uv": [0, 0, 2, 0.25], "texture": "#3"}
			}
		},
		{
			"from": [2.775, -2.275, 8.15],
			"to": [3.475, 0.125, 11.25],
			"rotation": {"angle": -22.5, "axis": "z", "origin": [2.75, -1.075, 9.7]},
			"faces": {
				"north": {"uv": [0, 0, 2.4, 3.1], "rotation": 270, "texture": "#4"},
				"east": {"uv": [0, 0, 2.4, 3.1], "rotation": 270, "texture": "#4"},
				"south": {"uv": [0, 0, 2.4, 3.1], "rotation": 270, "texture": "#4"},
				"west": {"uv": [0, 0, 2.4, 3.1], "rotation": 270, "texture": "#4"},
				"up": {"uv": [0, 0, 2.4, 3.1], "rotation": 270, "texture": "#4"},
				"down": {"uv": [0, 0, 2.4, 3.1], "rotation": 270, "texture": "#4"}
			}
		},
		{
			"from": [9.35, 0.25, 9.05],
			"to": [12.25, 1.05, 9.85],
			"faces": {
				"north": {"uv": [0, 0, 0.8, 0.8], "texture": "#3"},
				"east": {"uv": [0, 0, 0.8, 0.8], "texture": "#3"},
				"south": {"uv": [0, 0, 0.8, 0.8], "texture": "#3"},
				"west": {"uv": [0, 0, 0.8, 0.8], "texture": "#3"},
				"up": {"uv": [0, 0, 0.8, 0.8], "texture": "#3"},
				"down": {"uv": [0, 0, 0.8, 0.8], "texture": "#3"}
			}
		},
		{
			"from": [6.85, -3.05, 13],
			"to": [9.25, -2, 20],
			"faces": {
				"north": {"uv": [0, 0, 7, 1.05], "texture": "#1"},
				"east": {"uv": [0, 0, 7, 1.05], "texture": "#1"},
				"south": {"uv": [0, 0, 7, 1.05], "texture": "#1"},
				"west": {"uv": [0, 0, 7, 1.05], "texture": "#1"},
				"up": {"uv": [0, 0, 7, 1.05], "texture": "#1"},
				"down": {"uv": [0, 0, 7, 1.05], "texture": "#1"}
			}
		},
		{
			"from": [7.1, -8.075, 16.575],
			"to": [9, -2.575, 18.525],
			"rotation": {"angle": -22.5, "axis": "x", "origin": [8.05, -4.575, 17.05]},
			"faces": {
				"north": {"uv": [0, 0, 1.95, 5.5], "rotation": 90, "texture": "#1"},
				"east": {"uv": [0, 0, 1.95, 5.5], "rotation": 90, "texture": "#1"},
				"south": {"uv": [0, 0, 1.95, 5.5], "rotation": 90, "texture": "#1"},
				"west": {"uv": [0, 0, 1.95, 5.5], "rotation": 90, "texture": "#1"},
				"up": {"uv": [0, 0, 1.95, 5.5], "rotation": 90, "texture": "#1"},
				"down": {"uv": [0, 0, 1.95, 5.5], "rotation": 90, "texture": "#1"}
			}
		},
		{
			"from": [7.6, -4.95, 13],
			"to": [8.5, -3, 13.5],
			"faces": {
				"north": {"uv": [0, 0, 0.5, 1.95], "texture": "#1"},
				"east": {"uv": [0, 0, 0.5, 1.95], "texture": "#1"},
				"south": {"uv": [0, 0, 0.5, 1.95], "texture": "#1"},
				"west": {"uv": [0, 0, 0.5, 1.95], "texture": "#1"},
				"up": {"uv": [0, 0, 0.5, 1.95], "texture": "#1"},
				"down": {"uv": [0, 0, 0.5, 1.95], "texture": "#1"}
			}
		},
		{
			"from": [7.6, -4.95, 13.5],
			"to": [8.5, -4.5, 16.3],
			"faces": {
				"north": {"uv": [0, 0, 2.8, 0.45], "texture": "#1"},
				"east": {"uv": [0, 0, 2.8, 0.45], "texture": "#1"},
				"south": {"uv": [0, 0, 2.8, 0.45], "texture": "#1"},
				"west": {"uv": [0, 0, 2.8, 0.45], "texture": "#1"},
				"up": {"uv": [0, 0, 2.8, 0.45], "texture": "#1"},
				"down": {"uv": [0, 0, 2.8, 0.45], "texture": "#1"}
			}
		},
		{
			"from": [7.6, -4.95, 16],
			"to": [8.5, -3.3, 16.5],
			"faces": {
				"north": {"uv": [0, 0, 0.5, 1.65], "texture": "#1"},
				"east": {"uv": [0, 0, 0.5, 1.65], "texture": "#1"},
				"south": {"uv": [0, 0, 0.5, 1.65], "texture": "#1"},
				"west": {"uv": [0, 0, 0.5, 1.65], "texture": "#1"},
				"up": {"uv": [0, 0, 0.5, 1.65], "texture": "#1"},
				"down": {"uv": [0, 0, 0.5, 1.65], "texture": "#1"}
			}
		},
		{
			"from": [7.85, -4.2, 15.25],
			"to": [8.25, -2.3, 15.5],
			"rotation": {"angle": 22.5, "axis": "x", "origin": [8.05, -3.125, 15.25]},
			"faces": {
				"north": {"uv": [0, 0, 0.25, 1.9], "texture": "#0"},
				"east": {"uv": [0, 0, 0.25, 1.9], "texture": "#0"},
				"south": {"uv": [0, 0, 0.25, 1.9], "texture": "#0"},
				"west": {"uv": [0, 0, 0.25, 1.9], "texture": "#0"},
				"up": {"uv": [0, 0, 0.25, 1.9], "texture": "#0"},
				"down": {"uv": [0, 0, 0.25, 1.9], "texture": "#0"}
			}
		},
		{
			"from": [6.75, 0, 23.8],
			"to": [9.25, 2, 25.3],
			"rotation": {"angle": 22.5, "axis": "x", "origin": [8, -5, 22.55]},
			"faces": {
				"north": {"uv": [0, 0, 2, 2], "texture": "#1"},
				"east": {"uv": [0, 0, 2, 2], "texture": "#1"},
				"south": {"uv": [0, 0, 2, 2], "texture": "#1"},
				"west": {"uv": [0, 0, 2, 2], "texture": "#1"},
				"up": {"uv": [0, 0, 2, 2], "texture": "#1"},
				"down": {"uv": [0, 0, 2, 2], "texture": "#1"}
			}
		},
		{
			"from": [7, -2, 19],
			"to": [9, 0, 24],
			"faces": {
				"north": {"uv": [0, 0, 2, 2], "texture": "#1"},
				"east": {"uv": [0, 0, 2, 2], "texture": "#1"},
				"south": {"uv": [0, 0, 2, 2], "texture": "#1"},
				"west": {"uv": [0, 0, 2, 2], "texture": "#1"},
				"up": {"uv": [0, 0, 2, 2], "texture": "#1"},
				"down": {"uv": [0, 0, 2, 2], "texture": "#1"}
			}
		},
		{
			"from": [6.35, 0.2, 7.9],
			"to": [9.75, 1.15, 20],
			"faces": {
				"north": {"uv": [0, 0, 12.1, 0.95], "texture": "#3"},
				"east": {"uv": [0, 0, 12.1, 0.95], "texture": "#3"},
				"south": {"uv": [0, 0, 12.1, 0.95], "texture": "#3"},
				"west": {"uv": [0, 0, 12.1, 0.95], "texture": "#3"},
				"up": {"uv": [0, 0, 12.1, 0.95], "texture": "#3"},
				"down": {"uv": [0, 0, 12.1, 0.95], "texture": "#3"}
			}
		},
		{
			"from": [9.9, -10.05, 8],
			"to": [12.5, -4.5, 12],
			"faces": {
				"north": {"uv": [0, 0, 2.6, 5.55], "texture": "#4"},
				"east": {"uv": [0, 0, 2.6, 5.55], "texture": "#4"},
				"south": {"uv": [0, 0, 2.6, 5.55], "texture": "#4"},
				"west": {"uv": [0, 0, 2.6, 5.55], "texture": "#4"},
				"up": {"uv": [0, 0, 2.6, 5.55], "texture": "#4"},
				"down": {"uv": [0, 0, 2.6, 5.55], "texture": "#4"}
			}
		},
		{
			"from": [9, -5.95, 8],
			"to": [11.9, -2.35, 12],
			"rotation": {"angle": 45, "axis": "z", "origin": [10.45, -4.55, 10]},
			"faces": {
				"north": {"uv": [0, 0, 2.9, 3.6], "texture": "#4"},
				"east": {"uv": [0, 0, 2.9, 3.6], "texture": "#4"},
				"south": {"uv": [0, 0, 2.9, 3.6], "texture": "#4"},
				"west": {"uv": [0, 0, 2.9, 3.6], "texture": "#4"},
				"up": {"uv": [0, 0, 2.9, 3.6], "texture": "#4"},
				"down": {"uv": [0, 0, 2.9, 3.6], "texture": "#4"}
			}
		},
		{
			"from": [4.55, -1.55, 8.15],
			"to": [6.95, 0.15, 11.25],
			"rotation": {"angle": 22.5, "axis": "z", "origin": [5.75, -0.825, 9.7]},
			"faces": {
				"north": {"uv": [0, 0, 3.1, 1.7], "texture": "#3"},
				"east": {"uv": [0, 0, 3.1, 1.7], "texture": "#3"},
				"south": {"uv": [0, 0, 3.1, 1.7], "texture": "#3"},
				"west": {"uv": [0, 0, 3.1, 1.7], "texture": "#3"},
				"up": {"uv": [0, 0, 3.1, 1.7], "texture": "#3"},
				"down": {"uv": [0, 0, 3.1, 1.7], "texture": "#3"}
			}
		},
		{
			"from": [4.55, 0.7, 8.15],
			"to": [6.95, 1.4, 11.25],
			"rotation": {"angle": 22.5, "axis": "z", "origin": [4.75, 1.425, 9.7]},
			"faces": {
				"north": {"uv": [0, 0, 3.1, 0.7], "texture": "#4"},
				"east": {"uv": [0, 0, 3.1, 0.7], "texture": "#4"},
				"south": {"uv": [0, 0, 3.1, 0.7], "texture": "#4"},
				"west": {"uv": [0, 0, 3.1, 0.7], "texture": "#4"},
				"up": {"uv": [0, 0, 3.1, 0.7], "texture": "#4"},
				"down": {"uv": [0, 0, 3.1, 0.7], "texture": "#4"}
			}
		},
		{
			"from": [3.3, -0.95, 8.15],
			"to": [5.2, -0.25, 11.25],
			"rotation": {"angle": 45, "axis": "z", "origin": [3, -0.225, 9.7]},
			"faces": {
				"north": {"uv": [0, 0, 3.1, 0.7], "texture": "#4"},
				"east": {"uv": [0, 0, 3.1, 0.7], "texture": "#4"},
				"south": {"uv": [0, 0, 3.1, 0.7], "texture": "#4"},
				"west": {"uv": [0, 0, 3.1, 0.7], "texture": "#4"},
				"up": {"uv": [0, 0, 3.1, 0.7], "texture": "#4"},
				"down": {"uv": [0, 0, 3.1, 0.7], "texture": "#4"}
			}
		},
		{
			"from": [11.85, -14, -6.5],
			"to": [13.7, -13.4, -3],
			"faces": {
				"north": {"uv": [0, 0, 3.5, 0.6], "texture": "#3"},
				"east": {"uv": [0, 0, 3.5, 0.6], "texture": "#3"},
				"south": {"uv": [0, 0, 3.5, 0.6], "texture": "#3"},
				"west": {"uv": [0, 0, 3.5, 0.6], "texture": "#3"},
				"up": {"uv": [0, 0, 3.5, 0.6], "texture": "#3"},
				"down": {"uv": [0, 0, 3.5, 0.6], "texture": "#3"}
			}
		},
		{
			"from": [2.35, -14, -6.5],
			"to": [4.2, -13.4, -3],
			"faces": {
				"north": {"uv": [0, 0, 3.5, 0.6], "texture": "#3"},
				"east": {"uv": [0, 0, 3.5, 0.6], "texture": "#3"},
				"south": {"uv": [0, 0, 3.5, 0.6], "texture": "#3"},
				"west": {"uv": [0, 0, 3.5, 0.6], "texture": "#3"},
				"up": {"uv": [0, 0, 3.5, 0.6], "texture": "#3"},
				"down": {"uv": [0, 0, 3.5, 0.6], "texture": "#3"}
			}
		}
	],
	"display": {
		"thirdperson_righthand": {
			"translation": [0, 5.5, -3.5],
			"scale": [0.5, 0.5, 0.75]
		},
		"thirdperson_lefthand": {
			"translation": [0, 6, -3.5],
			"scale": [0.5, 0.5, 0.75]
		},
		"firstperson_righthand": {
			"rotation": [60, 0, 90],
			"translation": [9, 7.25, 4.5]
		},
		"firstperson_lefthand": {
			"translation": [0, 7.5, 0]
		},
		"ground": {
			"translation": [0, 12, 0],
			"scale": [0.6, 0.6, 0.9]
		},
		"gui": {
			"rotation": [31, 138, 0],
			"translation": [0, 3.5, 0],
			"scale": [0.3, 0.3, 0.45]
		},
		"head": {
			"rotation": [90, -28, 90],
			"translation": [-4, -15.5, 5],
			"scale": [0.6, 0.6, 0.9]
		},
		"fixed": {
			"rotation": [0, 90, 0],
			"translation": [0, 6.5, -2.5],
			"scale": [0.6, 0.6, 0.9]
		}
	}
}