{
	"credit": "Made with Blockbench",
	"parent": "item/guns/light_machine_guns/m249/unscoped",
	"display": {
		"thirdperson_righthand": {
			"scale": [0.5, 0.5, 0.75],
			"translation": [-6, 5.5, -3.5]
		},
		"thirdperson_lefthand": {
			"scale": [0.5, 0.5, 0.75],
			"translation": [-6, 6, -3.5]
		},
		"firstperson_righthand": {
			"translation": [0, 7.5, 0]
		},
		"firstperson_lefthand": {
			"translation": [0, 7.5, 0]
		},
		"head": {
			"scale": [0.6, 0.6, 0.9],
			"rotation": [90, -28, 90],
			"translation": [-4, -15.5, 5]
		},
		"ground": {
			"scale": [0.6, 0.6, 0.9],
			"translation": [0, 12, 0]
		},
		"fixed": {
			"scale": [0.6, 0.6, 0.9],
			"rotation": [0, 90, 0],
			"translation": [0, 6.5, -2.5]
		},
		"gui": {
			"scale": [0.3, 0.3, 0.45],
			"translation": [0, 3.5, 0],
			"rotation": [31, 138, 0]
		}
	}
}