{
	"credit": "Made with Blockbench",
	"textures": {
		"1": "custom/middle",
		"2": "custom/black-metal",
		"3": "custom/brushed-metal",
		"particle": "custom/middle"
	},
	"elements": [
		{
			"name": "octagon",
			"from": [7.17157, -0.5, 6],
			"to": [8.82843, 0.5, 10],
			"rotation": {"angle": 45, "axis": "y", "origin": [8, 0, 8]},
			"faces": {
				"north": {"uv": [0, 0, 1.65685, 4], "texture": "#1"},
				"east": {"uv": [0, 0, 1.65685, 4], "texture": "#1"},
				"south": {"uv": [0, 0, 1.65685, 4], "texture": "#1"},
				"west": {"uv": [0, 0, 1.65685, 4], "texture": "#1"},
				"up": {"uv": [0, 0, 1.65685, 4], "texture": "#1"},
				"down": {"uv": [0, 0, 1.65685, 4], "texture": "#1"}
			}
		},
		{
			"name": "octagon",
			"from": [6, -0.5, 7.17157],
			"to": [10, 0.5, 8.82843],
			"rotation": {"angle": 45, "axis": "y", "origin": [8, 0, 8]},
			"faces": {
				"north": {"uv": [0, 0, 4, 1.65685], "texture": "#1"},
				"east": {"uv": [0, 0, 4, 1.65685], "texture": "#1"},
				"south": {"uv": [0, 0, 4, 1.65685], "texture": "#1"},
				"west": {"uv": [0, 0, 4, 1.65685], "texture": "#1"},
				"up": {"uv": [0, 0, 4, 1.65685], "texture": "#1"},
				"down": {"uv": [0, 0, 4, 1.65685], "texture": "#1"}
			}
		},
		{
			"name": "octagon",
			"from": [7.17157, -2, 7.5],
			"to": [8.82843, 2, 8.5],
			"rotation": {"angle": 45, "axis": "z", "origin": [8, 0, 8]},
			"faces": {
				"north": {"uv": [0, 0, 1.65685, 1], "texture": "#1", "rotation": 180},
				"east": {"uv": [0, 0, 1.65685, 1], "texture": "#1", "rotation": 180},
				"south": {"uv": [0, 0, 1.65685, 1], "texture": "#1", "rotation": 180},
				"west": {"uv": [0, 0, 1.65685, 1], "texture": "#1", "rotation": 180},
				"up": {"uv": [0, 0, 1.65685, 1], "texture": "#1", "rotation": 180},
				"down": {"uv": [0, 0, 1.65685, 1], "texture": "#1", "rotation": 180}
			}
		},
		{
			"name": "octagon",
			"from": [6, -0.82843, 7.5],
			"to": [10, 0.82843, 8.5],
			"rotation": {"angle": 45, "axis": "z", "origin": [8, 0, 8]},
			"faces": {
				"north": {"uv": [0, 0, 4, 1], "texture": "#1", "rotation": 180},
				"east": {"uv": [0, 0, 4, 1], "texture": "#1", "rotation": 180},
				"south": {"uv": [0, 0, 4, 1], "texture": "#1", "rotation": 180},
				"west": {"uv": [0, 0, 4, 1], "texture": "#1", "rotation": 180},
				"up": {"uv": [0, 0, 4, 1], "texture": "#1", "rotation": 180},
				"down": {"uv": [0, 0, 4, 1], "texture": "#1", "rotation": 180}
			}
		},
		{
			"name": "octagon",
			"from": [7.5, -2, 7.17157],
			"to": [8.5, 2, 8.82843],
			"rotation": {"angle": -45, "axis": "x", "origin": [8, 0, 8]},
			"faces": {
				"north": {"uv": [0, 0, 1.65685, 1], "texture": "#1", "rotation": 270},
				"east": {"uv": [0, 0, 1.65685, 1], "texture": "#1", "rotation": 270},
				"south": {"uv": [0, 0, 1.65685, 1], "texture": "#1", "rotation": 270},
				"west": {"uv": [0, 0, 1.65685, 1], "texture": "#1", "rotation": 270},
				"up": {"uv": [0, 0, 1.65685, 1], "texture": "#1", "rotation": 270},
				"down": {"uv": [0, 0, 1.65685, 1], "texture": "#1", "rotation": 270}
			}
		},
		{
			"name": "octagon",
			"from": [7.1716, -2, 7.1716],
			"to": [8.8285, 2, 8.8285],
			"rotation": {"angle": 0, "axis": "x", "origin": [8, 0, 8]},
			"faces": {
				"north": {"uv": [0, 0, 1.6569, 1.6569], "texture": "#1", "rotation": 270},
				"east": {"uv": [0, 0, 1.6569, 1.6569], "texture": "#1", "rotation": 270},
				"south": {"uv": [0, 0, 1.6569, 1.6569], "texture": "#1", "rotation": 270},
				"west": {"uv": [0, 0, 1.6569, 1.6569], "texture": "#1", "rotation": 270},
				"up": {"uv": [0, 0, 1.6569, 1.6569], "texture": "#1", "rotation": 270},
				"down": {"uv": [0, 0, 1.6569, 1.6569], "texture": "#1", "rotation": 270}
			}
		},
		{
			"name": "octagon",
			"from": [7.5, -0.82843, 6],
			"to": [8.5, 0.82843, 10],
			"rotation": {"angle": -45, "axis": "x", "origin": [8, 0, 8]},
			"faces": {
				"north": {"uv": [0, 0, 4, 1], "texture": "#1", "rotation": 270},
				"east": {"uv": [0, 0, 4, 1], "texture": "#1", "rotation": 270},
				"south": {"uv": [0, 0, 4, 1], "texture": "#1", "rotation": 270},
				"west": {"uv": [0, 0, 4, 1], "texture": "#1", "rotation": 270},
				"up": {"uv": [0, 0, 4, 1], "texture": "#1", "rotation": 270},
				"down": {"uv": [0, 0, 4, 1], "texture": "#1", "rotation": 270}
			}
		},
		{
			"name": "octagon",
			"from": [7.1715, -0.8285, 6],
			"to": [8.8284, 0.8284, 10],
			"rotation": {"angle": 0, "axis": "y", "origin": [8, 0, 8]},
			"faces": {
				"north": {"uv": [0, 0, 1.6569, 4], "texture": "#1", "rotation": 180},
				"east": {"uv": [0, 0, 1.6569, 4], "texture": "#1", "rotation": 180},
				"south": {"uv": [0, 0, 1.6569, 4], "texture": "#1", "rotation": 180},
				"west": {"uv": [0, 0, 1.6569, 4], "texture": "#1", "rotation": 180},
				"up": {"uv": [0, 0, 1.6569, 4], "texture": "#1", "rotation": 180},
				"down": {"uv": [0, 0, 1.6569, 4], "texture": "#1", "rotation": 180}
			}
		},
		{
			"name": "octagon",
			"from": [6, -0.8285, 7.1715],
			"to": [10, 0.8284, 8.8284],
			"rotation": {"angle": 0, "axis": "y", "origin": [8, 0, 8]},
			"faces": {
				"north": {"uv": [0, 0, 1.6569, 4], "texture": "#1", "rotation": 270},
				"east": {"uv": [0, 0, 1.6569, 4], "texture": "#1", "rotation": 270},
				"south": {"uv": [0, 0, 1.6569, 4], "texture": "#1", "rotation": 270},
				"west": {"uv": [0, 0, 1.6569, 4], "texture": "#1", "rotation": 270},
				"up": {"uv": [0, 0, 1.6569, 4], "texture": "#1", "rotation": 270},
				"down": {"uv": [0, 0, 1.6569, 4], "texture": "#1", "rotation": 270}
			}
		},
		{
			"name": "octagon",
			"from": [7.1715, -0.8285, 6],
			"to": [8.8284, 0.8284, 9],
			"rotation": {"angle": 0, "axis": "y", "origin": [8, 0, 8]},
			"faces": {
				"north": {"uv": [0, 0, 1.6569, 3], "texture": "#1", "rotation": 180},
				"east": {"uv": [0, 0, 1.6569, 3], "texture": "#1", "rotation": 180},
				"south": {"uv": [0, 0, 1.6569, 3], "texture": "#1", "rotation": 180},
				"west": {"uv": [0, 0, 1.6569, 3], "texture": "#1", "rotation": 180},
				"up": {"uv": [0, 0, 1.6569, 3], "texture": "#1", "rotation": 180},
				"down": {"uv": [0, 0, 1.6569, 3], "texture": "#1", "rotation": 180}
			}
		},
		{
			"from": [6.75, -1.25, 6.75],
			"to": [9.25, 1.25, 9.25],
			"faces": {
				"north": {"uv": [0, 0, 2.5, 2.5], "texture": "#1"},
				"east": {"uv": [0, 0, 2.5, 2.5], "texture": "#1"},
				"south": {"uv": [0, 0, 2.5, 2.5], "texture": "#1"},
				"west": {"uv": [0, 0, 2.5, 2.5], "texture": "#1"},
				"up": {"uv": [0, 0, 2.5, 2.5], "texture": "#1"},
				"down": {"uv": [0, 0, 2.5, 2.5], "texture": "#1"}
			}
		},
		{
			"name": "octagon",
			"from": [7.4216, 2, 7.4216],
			"to": [8.5785, 2.25, 8.5785],
			"rotation": {"angle": 0, "axis": "x", "origin": [8, 4, 8]},
			"faces": {
				"north": {"uv": [0, 0, 1.1569, 1.1569], "texture": "#1", "rotation": 270},
				"east": {"uv": [0, 0, 1.1569, 1.1569], "texture": "#1", "rotation": 270},
				"south": {"uv": [0, 0, 1.1569, 1.1569], "texture": "#1", "rotation": 270},
				"west": {"uv": [0, 0, 1.1569, 1.1569], "texture": "#1", "rotation": 270},
				"up": {"uv": [0, 0, 1.1569, 1.1569], "texture": "#1", "rotation": 270},
				"down": {"uv": [0, 0, 1.1569, 1.1569], "texture": "#1", "rotation": 270}
			}
		},
		{
			"name": "octagon",
			"from": [7.2716, 2.25, 7.3216],
			"to": [9.0785, 3.4, 8.6785],
			"rotation": {"angle": 0, "axis": "x", "origin": [8, 4.25, 8]},
			"faces": {
				"north": {"uv": [0, 0, 1.3569, 1.8069], "texture": "#3", "rotation": 270},
				"east": {"uv": [0, 0, 1.3569, 1.8069], "texture": "#3", "rotation": 270},
				"south": {"uv": [0, 0, 1.3569, 1.8069], "texture": "#3", "rotation": 270},
				"west": {"uv": [0, 0, 1.3569, 1.8069], "texture": "#3", "rotation": 270},
				"up": {"uv": [0, 0, 1.3569, 1.8069], "texture": "#3", "rotation": 270},
				"down": {"uv": [0, 0, 1.3569, 1.8069], "texture": "#3", "rotation": 270}
			}
		},
		{
			"name": "octagon",
			"from": [9, -0.1285, 7.3216],
			"to": [9.25, 3.7284, 8.6785],
			"rotation": {"angle": 22.5, "axis": "z", "origin": [10, 3.1, 8]},
			"faces": {
				"north": {"uv": [0, 0, 1.3569, 0.25], "texture": "#3", "rotation": 90},
				"east": {"uv": [0, 0, 1.3569, 0.25], "texture": "#3", "rotation": 90},
				"south": {"uv": [0, 0, 1.3569, 0.25], "texture": "#3", "rotation": 90},
				"west": {"uv": [0, 0, 1.3569, 0.25], "texture": "#3", "rotation": 90},
				"up": {"uv": [0, 0, 1.3569, 0.25], "texture": "#3", "rotation": 90},
				"down": {"uv": [0, 0, 1.3569, 0.25], "texture": "#3", "rotation": 90}
			}
		},
		{
			"name": "octagon",
			"from": [10.25, -1.5285, 7.3216],
			"to": [10.5, -0.1716, 8.6785],
			"rotation": {"angle": 0, "axis": "z", "origin": [11.25, -0.8, 8]},
			"faces": {
				"north": {"uv": [0, 0, 1.3569, 0.25], "texture": "#3", "rotation": 90},
				"east": {"uv": [0, 0, 1.3569, 0.25], "texture": "#3", "rotation": 90},
				"south": {"uv": [0, 0, 1.3569, 0.25], "texture": "#3", "rotation": 90},
				"west": {"uv": [0, 0, 1.3569, 0.25], "texture": "#3", "rotation": 90},
				"up": {"uv": [0, 0, 1.3569, 0.25], "texture": "#3", "rotation": 90},
				"down": {"uv": [0, 0, 1.3569, 0.25], "texture": "#3", "rotation": 90}
			}
		},
		{
			"name": "octagon",
			"from": [8.58579, 2.9375, 7],
			"to": [9.41421, 3.0625, 7.125],
			"rotation": {"angle": 45, "axis": "y", "origin": [9, 3, 8]},
			"faces": {
				"north": {"uv": [0, 0, 0.82843, 0.125], "texture": "#2"},
				"east": {"uv": [0, 0, 0.82843, 0.125], "texture": "#2"},
				"south": {"uv": [0, 0, 0.82843, 0.125], "texture": "#2"},
				"west": {"uv": [0, 0, 0.82843, 0.125], "texture": "#2"},
				"up": {"uv": [0, 0, 0.82843, 0.125], "texture": "#2"},
				"down": {"uv": [0, 0, 0.82843, 0.125], "texture": "#2"}
			}
		},
		{
			"name": "octagon",
			"from": [8.58579, 2.9375, 7],
			"to": [9.41421, 3.0625, 7.125],
			"rotation": {"angle": 0, "axis": "y", "origin": [9, 3, 8]},
			"faces": {
				"north": {"uv": [0, 0, 0.82843, 0.125], "texture": "#2"},
				"east": {"uv": [0, 0, 0.82843, 0.125], "texture": "#2"},
				"south": {"uv": [0, 0, 0.82843, 0.125], "texture": "#2"},
				"west": {"uv": [0, 0, 0.82843, 0.125], "texture": "#2"},
				"up": {"uv": [0, 0, 0.82843, 0.125], "texture": "#2"},
				"down": {"uv": [0, 0, 0.82843, 0.125], "texture": "#2"}
			}
		},
		{
			"name": "octagon",
			"from": [8.58579, 2.9375, 8.875],
			"to": [9.41421, 3.0625, 9],
			"rotation": {"angle": 45, "axis": "y", "origin": [9, 3, 8]},
			"faces": {
				"north": {"uv": [0, 0, 0.82843, 0.125], "texture": "#2"},
				"east": {"uv": [0, 0, 0.82843, 0.125], "texture": "#2"},
				"south": {"uv": [0, 0, 0.82843, 0.125], "texture": "#2"},
				"west": {"uv": [0, 0, 0.82843, 0.125], "texture": "#2"},
				"up": {"uv": [0, 0, 0.82843, 0.125], "texture": "#2"},
				"down": {"uv": [0, 0, 0.82843, 0.125], "texture": "#2"}
			}
		},
		{
			"name": "octagon",
			"from": [8.58579, 2.9375, 8.875],
			"to": [9.41421, 3.0625, 9],
			"rotation": {"angle": 0, "axis": "y", "origin": [9, 3, 8]},
			"faces": {
				"north": {"uv": [0, 0, 0.82843, 0.125], "texture": "#2"},
				"east": {"uv": [0, 0, 0.82843, 0.125], "texture": "#2"},
				"south": {"uv": [0, 0, 0.82843, 0.125], "texture": "#2"},
				"west": {"uv": [0, 0, 0.82843, 0.125], "texture": "#2"},
				"up": {"uv": [0, 0, 0.82843, 0.125], "texture": "#2"},
				"down": {"uv": [0, 0, 0.82843, 0.125], "texture": "#2"}
			}
		},
		{
			"name": "octagon",
			"from": [8, 2.9375, 7.58579],
			"to": [8.125, 3.0625, 8.41421],
			"rotation": {"angle": 45, "axis": "y", "origin": [9, 3, 8]},
			"faces": {
				"north": {"uv": [0, 0, 0.125, 0.82843], "texture": "#2"},
				"east": {"uv": [0, 0, 0.125, 0.82843], "texture": "#2"},
				"south": {"uv": [0, 0, 0.125, 0.82843], "texture": "#2"},
				"west": {"uv": [0, 0, 0.125, 0.82843], "texture": "#2"},
				"up": {"uv": [0, 0, 0.125, 0.82843], "texture": "#2"},
				"down": {"uv": [0, 0, 0.125, 0.82843], "texture": "#2"}
			}
		},
		{
			"name": "octagon",
			"from": [8, 2.9375, 7.58579],
			"to": [8.125, 3.0625, 8.41421],
			"rotation": {"angle": 0, "axis": "y", "origin": [9, 3, 8]},
			"faces": {
				"north": {"uv": [0, 0, 0.125, 0.82843], "texture": "#1"},
				"east": {"uv": [0, 0, 0.125, 0.82843], "texture": "#1"},
				"south": {"uv": [0, 0, 0.125, 0.82843], "texture": "#1"},
				"west": {"uv": [0, 0, 0.125, 0.82843], "texture": "#1"},
				"up": {"uv": [0, 0, 0.125, 0.82843], "texture": "#1"},
				"down": {"uv": [0, 0, 0.125, 0.82843], "texture": "#1"}
			}
		},
		{
			"name": "octagon",
			"from": [9.875, 2.9375, 7.58579],
			"to": [10, 3.0625, 8.41421],
			"rotation": {"angle": 45, "axis": "y", "origin": [9, 3, 8]},
			"faces": {
				"north": {"uv": [0, 0, 0.125, 0.82843], "texture": "#2"},
				"east": {"uv": [0, 0, 0.125, 0.82843], "texture": "#2"},
				"south": {"uv": [0, 0, 0.125, 0.82843], "texture": "#2"},
				"west": {"uv": [0, 0, 0.125, 0.82843], "texture": "#2"},
				"up": {"uv": [0, 0, 0.125, 0.82843], "texture": "#2"},
				"down": {"uv": [0, 0, 0.125, 0.82843], "texture": "#2"}
			}
		},
		{
			"name": "octagon",
			"from": [9.875, 2.9375, 7.58579],
			"to": [10, 3.0625, 8.41421],
			"rotation": {"angle": 0, "axis": "y", "origin": [9, 3, 8]},
			"faces": {
				"north": {"uv": [0, 0, 0.125, 0.82843], "texture": "#2"},
				"east": {"uv": [0, 0, 0.125, 0.82843], "texture": "#2"},
				"south": {"uv": [0, 0, 0.125, 0.82843], "texture": "#2"},
				"west": {"uv": [0, 0, 0.125, 0.82843], "texture": "#2"},
				"up": {"uv": [0, 0, 0.125, 0.82843], "texture": "#2"},
				"down": {"uv": [0, 0, 0.125, 0.82843], "texture": "#2"}
			}
		}
	],
	"display": {
		"thirdperson_righthand": {
			"translation": [0, 7, 0]
		},
		"thirdperson_lefthand": {
			"translation": [0, 7, 0]
		},
		"firstperson_righthand": {
			"translation": [3.5, 9, 0]
		},
		"firstperson_lefthand": {
			"translation": [3.5, 9, 0]
		},
		"head": {
			"translation": [0, 16.5, 0]
		},
		"ground": {
			"translation": [0, 9, 0]
		},
		"fixed": {
			"scale": [4, 4, 4],
			"translation": [-1, 29.5, -3]
		},
		"gui": {
			"scale": [2, 2, 2],
			"translation": [0, 13.5, 0],
			"rotation": [23, -31, 0]
		}
	},
	"groups": [
		{
			"name": "octagon",
			"isOpen": true,
			"shade": true,
			"display": {
				"visibility": true,
				"autouv": true
			},
			"children": [0, 1, 2, 3, 4, 5, 6, 7, 8, 9, 10, 11, 12, 13, 14]
		},
		{
			"name": "octagon",
			"isOpen": true,
			"shade": true,
			"display": {
				"visibility": true,
				"autouv": true
			},
			"children": [15, 16, 17, 18, 19, 20, 21, 22]
		}
	]
}