{
	"credit": "Made with Blockbench",
	"textures": {
		"3": "custom/anvil_top_damaged_0",
		"4": "custom/black-metal",
		"5": "custom/brushed-metal",
		"6": "custom/green-canvas"
	},
	"elements": [
		{
			"from": [-10, 5, 4],
			"to": [32, 10, 10],
			"faces": {
				"north": {"uv": [0, 0, 16, 5], "texture": "#4"},
				"east": {"uv": [0, 0, 6, 5], "texture": "#4"},
				"south": {"uv": [0, 0, 16, 5], "texture": "#4"},
				"west": {"uv": [0, 0, 16, 5], "texture": "#4"},
				"up": {"uv": [0, 0, 16, 5], "texture": "#4"},
				"down": {"uv": [0, 0, 16, 5], "texture": "#4"}
			}
		},
		{
			"from": [-16, 6, 6],
			"to": [-10, 8, 8],
			"faces": {
				"north": {"uv": [0, 0, 1, 4], "texture": "#5"},
				"east": {"uv": [0, 0, 1, 4], "texture": "#5"},
				"south": {"uv": [0, 0, 1, 4], "texture": "#5"},
				"west": {"uv": [0, 0, 1, 4], "texture": "#5"},
				"up": {"uv": [0, 0, 1, 4], "texture": "#5"},
				"down": {"uv": [0, 0, 1, 4], "texture": "#5"}
			}
		},
		{
			"from": [-10, 10, 5],
			"to": [32, 11, 9],
			"faces": {
				"north": {"uv": [0, 0, 16, 1], "texture": "#4"},
				"east": {"uv": [0, 0, 4, 1], "texture": "#4"},
				"south": {"uv": [0, 0, 16, 1], "texture": "#4"},
				"west": {"uv": [0, 0, 4, 1], "texture": "#4"},
				"up": {"uv": [0, 0, 16, 4], "texture": "#4"},
				"down": {"uv": [0, 0, 16, 4], "texture": "#4"}
			}
		},
		{
			"from": [-10, 11, 5],
			"to": [-9, 13, 9],
			"faces": {
				"north": {"uv": [0, 0, 1, 4], "texture": "#5"},
				"east": {"uv": [0, 0, 1, 4], "texture": "#5"},
				"south": {"uv": [0, 0, 1, 4], "texture": "#5"},
				"west": {"uv": [0, 0, 1, 4], "texture": "#5"},
				"up": {"uv": [0, 0, 1, 4], "texture": "#5"},
				"down": {"uv": [0, 0, 1, 4], "texture": "#5"}
			}
		},
		{
			"from": [-10, 13, 6],
			"to": [-9, 16, 8],
			"faces": {
				"north": {"uv": [0, 0, 1, 4], "texture": "#5"},
				"east": {"uv": [0, 0, 1, 4], "texture": "#5"},
				"south": {"uv": [0, 0, 1, 4], "texture": "#5"},
				"west": {"uv": [0, 0, 1, 4], "texture": "#5"},
				"up": {"uv": [0, 0, 1, 4], "texture": "#5"},
				"down": {"uv": [0, 0, 1, 4], "texture": "#5"}
			}
		},
		{
			"from": [-7, 10, 6],
			"to": [-6, 17, 8],
			"rotation": {"angle": 45, "axis": "z", "origin": [-6.5, 13, 7]},
			"faces": {
				"north": {"uv": [0, 0, 1, 4], "texture": "#5"},
				"east": {"uv": [0, 0, 1, 4], "texture": "#5"},
				"south": {"uv": [0, 0, 1, 4], "texture": "#5"},
				"west": {"uv": [0, 0, 1, 4], "texture": "#5"},
				"up": {"uv": [0, 0, 1, 4], "texture": "#5"},
				"down": {"uv": [0, 0, 1, 4], "texture": "#5"}
			}
		},
		{
			"from": [13, 4, 4],
			"to": [26.17, 8, 10],
			"rotation": {"angle": -22.5, "axis": "z", "origin": [18.5, 3, 7]},
			"faces": {
				"north": {"uv": [0, 0, 13.17, 4], "texture": "#4"},
				"east": {"uv": [0, 0, 16, 5], "texture": "#4"},
				"south": {"uv": [0, 0, 13.17, 4], "texture": "#4"},
				"west": {"uv": [0, 0, 6, 4], "texture": "#4"},
				"up": {"uv": [0, 0, 13.17, 6], "texture": "#4"},
				"down": {"uv": [0, 0, 13.17, 6], "texture": "#4"}
			}
		},
		{
			"from": [26, 1, 4],
			"to": [32, 5, 10],
			"faces": {
				"north": {"uv": [0, 0, 16, 5], "texture": "#4"},
				"east": {"uv": [0, 0, 16, 5], "texture": "#4"},
				"south": {"uv": [0, 0, 16, 5], "texture": "#4"},
				"west": {"uv": [0, 0, 16, 5], "texture": "#4"},
				"up": {"uv": [0, 0, 16, 5], "texture": "#4"},
				"down": {"uv": [0, 0, 16, 5], "texture": "#4"}
			}
		},
		{
			"from": [13, -1.77, 5],
			"to": [14, 6.73, 9],
			"rotation": {"angle": 22.5, "axis": "z", "origin": [13.5, 1.5, 7]},
			"faces": {
				"north": {"uv": [0, 0, 1, 8.5], "texture": "#4"},
				"east": {"uv": [0, 0, 4, 8.5], "texture": "#4"},
				"south": {"uv": [0, 0, 1, 8.5], "texture": "#4"},
				"west": {"uv": [0, 0, 4, 8.5], "texture": "#4"},
				"up": {"uv": [0, 0, 1, 4], "texture": "#4"},
				"down": {"uv": [0, 0, 1, 4], "texture": "#4"}
			}
		},
		{
			"from": [11, -2, 5],
			"to": [15, -1, 9],
			"rotation": {"angle": 22.5, "axis": "z", "origin": [13.5, -1.5, 7]},
			"faces": {
				"north": {"uv": [0, 0, 1, 4], "texture": "#4", "rotation": 270},
				"east": {"uv": [0, 0, 1, 8], "texture": "#4"},
				"south": {"uv": [0, 0, 1, 8], "texture": "#4"},
				"west": {"uv": [0, 0, 1, 8], "texture": "#4"},
				"up": {"uv": [0, 0, 1, 8], "texture": "#4"},
				"down": {"uv": [0, 0, 1, 8], "texture": "#4"}
			}
		},
		{
			"from": [8, -3, 5],
			"to": [11.5, -2, 9],
			"rotation": {"angle": 0, "axis": "z", "origin": [10.5, -2.5, 7]},
			"faces": {
				"north": {"uv": [0, 0, 1, 3.5], "texture": "#4", "rotation": 270},
				"east": {"uv": [0, 0, 4, 1], "texture": "#4"},
				"south": {"uv": [0, 0, 3.5, 1], "texture": "#4"},
				"west": {"uv": [0, 0, 4, 1], "texture": "#4"},
				"up": {"uv": [0, 0, 3.5, 4], "texture": "#4"},
				"down": {"uv": [0, 0, 3.5, 4], "texture": "#4"}
			}
		},
		{
			"from": [7, 2, 5],
			"to": [13, 2.5, 9],
			"rotation": {"angle": 0, "axis": "z", "origin": [11.5, 2.5, 7]},
			"faces": {
				"north": {"uv": [0, 0, 0.5, 6], "texture": "#4", "rotation": 270},
				"east": {"uv": [0, 0, 1, 8], "texture": "#4"},
				"south": {"uv": [0, 0, 1, 8], "texture": "#4"},
				"west": {"uv": [0, 0, 1, 8], "texture": "#4"},
				"up": {"uv": [0, 0, 1, 8], "texture": "#4"},
				"down": {"uv": [0, 0, 1, 8], "texture": "#4"}
			}
		},
		{
			"from": [11.5, 3, 6],
			"to": [12, 7, 8],
			"rotation": {"angle": -22.5, "axis": "z", "origin": [11.5, 7.5, 7]},
			"faces": {
				"north": {"uv": [3, 0, 3.5, 4], "texture": "#3"},
				"east": {"uv": [3, 0, 5, 4], "texture": "#3"},
				"south": {"uv": [3, 0, 3.5, 4], "texture": "#3"},
				"west": {"uv": [3, 0, 5, 4], "texture": "#3"},
				"up": {"uv": [3, 0, 3.5, 2], "texture": "#3"},
				"down": {"uv": [3, 0, 3.5, 2], "texture": "#3"}
			}
		},
		{
			"from": [-10, 9.5, 4.2],
			"to": [32, 10.9, 5.2],
			"rotation": {"angle": 45, "axis": "x", "origin": [11, 10, 4.7]},
			"faces": {
				"north": {"uv": [0, 0, 16, 5], "texture": "#4"},
				"east": {"uv": [0, 0, 16, 5], "texture": "#4"},
				"south": {"uv": [0, 0, 16, 5], "texture": "#4"},
				"west": {"uv": [0, 0, 16, 5], "texture": "#4"},
				"up": {"uv": [0, 0, 16, 5], "texture": "#4"},
				"down": {"uv": [0, 0, 16, 5], "texture": "#4"}
			}
		},
		{
			"from": [-10, 9.5, 8.8],
			"to": [32, 10.9, 9.8],
			"rotation": {"angle": -45, "axis": "x", "origin": [11, 10, 9.3]},
			"faces": {
				"north": {"uv": [0, 0, 16, 5], "texture": "#4"},
				"east": {"uv": [0, 0, 16, 5], "texture": "#4"},
				"south": {"uv": [0, 0, 16, 5], "texture": "#4"},
				"west": {"uv": [0, 0, 16, 5], "texture": "#4"},
				"up": {"uv": [0, 0, 16, 5], "texture": "#4"},
				"down": {"uv": [0, 0, 16, 5], "texture": "#4"}
			}
		},
		{
			"from": [10, 6, 10.01],
			"to": [21, 9, 10.01],
			"faces": {
				"north": {"uv": [0, 0, 16, 16], "texture": "#5"},
				"east": {"uv": [0, 0, 0, 3], "texture": "#5"},
				"south": {"uv": [0, 0, 1, 4], "texture": "#5"},
				"west": {"uv": [0, 0, 16, 16], "texture": "#5"},
				"up": {"uv": [0, 0, 1, 4], "texture": "#5"},
				"down": {"uv": [0, 0, 1, 4], "texture": "#5"}
			}
		},
		{
			"from": [10, 6, 3.99],
			"to": [21, 9, 3.99],
			"faces": {
				"north": {"uv": [0, 0, 1, 4], "texture": "#5"},
				"east": {"uv": [0, 0, 1, 4], "texture": "#5"},
				"south": {"uv": [0, 0, 1, 4], "texture": "#5"},
				"west": {"uv": [0, 0, 1, 4], "texture": "#5"},
				"up": {"uv": [0, 0, 1, 4], "texture": "#5"},
				"down": {"uv": [0, 0, 1, 4], "texture": "#5"}
			}
		},
		{
			"from": [18, 12, 5],
			"to": [19, 14, 6],
			"faces": {
				"north": {"uv": [0, 0, 1, 4], "texture": "#5"},
				"east": {"uv": [0, 0, 1, 4], "texture": "#5"},
				"south": {"uv": [0, 0, 1, 4], "texture": "#5"},
				"west": {"uv": [0, 0, 1, 4], "texture": "#5"},
				"up": {"uv": [0, 0, 1, 4], "texture": "#5"},
				"down": {"uv": [0, 0, 1, 4], "texture": "#5"}
			}
		},
		{
			"from": [18, 11, 5],
			"to": [19, 12, 9],
			"faces": {
				"north": {"uv": [0, 0, 1, 4], "texture": "#5"},
				"east": {"uv": [0, 0, 1, 4], "texture": "#5"},
				"south": {"uv": [0, 0, 1, 4], "texture": "#5"},
				"west": {"uv": [0, 0, 1, 4], "texture": "#5"},
				"up": {"uv": [0, 0, 1, 4], "texture": "#5"},
				"down": {"uv": [0, 0, 1, 4], "texture": "#5"}
			}
		},
		{
			"from": [18, 12, 8],
			"to": [19, 14, 9],
			"faces": {
				"north": {"uv": [0, 0, 1, 4], "texture": "#5"},
				"east": {"uv": [0, 0, 1, 4], "texture": "#5"},
				"south": {"uv": [0, 0, 1, 4], "texture": "#5"},
				"west": {"uv": [0, 0, 1, 4], "texture": "#5"},
				"up": {"uv": [0, 0, 1, 4], "texture": "#5"},
				"down": {"uv": [0, 0, 1, 4], "texture": "#5"}
			}
		},
		{
			"from": [19, 10, 8],
			"to": [20, 14, 9],
			"rotation": {"angle": 22.5, "axis": "z", "origin": [19.5, 12.5, 8.5]},
			"faces": {
				"north": {"uv": [0, 0, 1, 4], "texture": "#5"},
				"east": {"uv": [0, 0, 1, 4], "texture": "#5"},
				"south": {"uv": [0, 0, 1, 4], "texture": "#5"},
				"west": {"uv": [0, 0, 1, 4], "texture": "#5"},
				"up": {"uv": [0, 0, 1, 4], "texture": "#5"},
				"down": {"uv": [0, 0, 1, 4], "texture": "#5"}
			}
		},
		{
			"from": [19, 10, 5],
			"to": [20, 14, 6],
			"rotation": {"angle": 22.5, "axis": "z", "origin": [19.5, 12.5, 5.5]},
			"faces": {
				"north": {"uv": [0, 0, 1, 4], "texture": "#5"},
				"east": {"uv": [0, 0, 1, 4], "texture": "#5"},
				"south": {"uv": [0, 0, 1, 4], "texture": "#5"},
				"west": {"uv": [0, 0, 1, 4], "texture": "#5"},
				"up": {"uv": [0, 0, 1, 4], "texture": "#5"},
				"down": {"uv": [0, 0, 1, 4], "texture": "#5"}
			}
		},
		{
			"from": [4, 4, 10.5],
			"to": [8, 9, 13.5],
			"rotation": {"angle": -45, "axis": "x", "origin": [4.5, 3.5, 13]},
			"faces": {
				"north": {"uv": [0, 0, 16, 16], "texture": "#6"},
				"east": {"uv": [0, 0, 16, 16], "texture": "#6"},
				"south": {"uv": [0, 0, 16, 16], "texture": "#6"},
				"west": {"uv": [0, 0, 16, 16], "texture": "#6"},
				"up": {"uv": [0, 0, 16, 16], "texture": "#6"},
				"down": {"uv": [0, 0, 16, 16], "texture": "#6"}
			}
		},
		{
			"from": [4, -3, 3.8],
			"to": [8, 6, 10.1],
			"rotation": {"angle": 0, "axis": "z", "origin": [6.5, -2.5, 7]},
			"faces": {
				"north": {"uv": [0, 0, 16, 16], "texture": "#6"},
				"east": {"uv": [0, 0, 16, 16], "texture": "#6"},
				"south": {"uv": [0, 0, 16, 16], "texture": "#6"},
				"west": {"uv": [0, 0, 16, 16], "texture": "#6", "rotation": 90},
				"up": {"uv": [0, 0, 16, 16], "texture": "#6"},
				"down": {"uv": [0, 0, 16, 16], "texture": "#6"}
			}
		},
		{
			"from": [4, 0, 10],
			"to": [8, 4.2, 13],
			"faces": {
				"north": {"uv": [0, 0, 16, 16], "texture": "#6"},
				"east": {"uv": [0, 0, 16, 16], "texture": "#6"},
				"south": {"uv": [0, 0, 16, 16], "texture": "#6"},
				"west": {"uv": [0, 0, 16, 16], "texture": "#6"},
				"up": {"uv": [0, 0, 16, 16], "texture": "#6"},
				"down": {"uv": [0, 0, 16, 16], "texture": "#6"}
			}
		},
		{
			"from": [4, -2.58579, 7],
			"to": [8, 0.41421, 11.1],
			"rotation": {"angle": -45, "axis": "x", "origin": [6, 1, 9]},
			"faces": {
				"north": {"uv": [0, 0, 16, 16], "texture": "#6"},
				"east": {"uv": [0, 0, 16, 16], "texture": "#6"},
				"south": {"uv": [0, 0, 16, 16], "texture": "#6"},
				"west": {"uv": [0, 0, 16, 16], "texture": "#6", "rotation": 90},
				"up": {"uv": [0, 0, 16, 16], "texture": "#6"},
				"down": {"uv": [0, 0, 16, 16], "texture": "#6"}
			}
		},
		{
			"from": [4, -1, 1],
			"to": [8, 2, 5],
			"rotation": {"angle": 45, "axis": "x", "origin": [6.5, -0.5, 2]},
			"faces": {
				"north": {"uv": [0, 0, 16, 16], "texture": "#6"},
				"east": {"uv": [0, 0, 16, 16], "texture": "#6"},
				"south": {"uv": [0, 0, 16, 16], "texture": "#6"},
				"west": {"uv": [0, 0, 16, 16], "texture": "#6", "rotation": 90},
				"up": {"uv": [0, 0, 16, 16], "texture": "#6"},
				"down": {"uv": [0, 0, 16, 16], "texture": "#6"}
			}
		},
		{
			"from": [4, 0, 1],
			"to": [8, 4, 4],
			"faces": {
				"north": {"uv": [0, 0, 16, 16], "texture": "#6"},
				"east": {"uv": [0, 0, 16, 16], "texture": "#6"},
				"south": {"uv": [0, 0, 16, 16], "texture": "#6"},
				"west": {"uv": [0, 0, 16, 16], "texture": "#6"},
				"up": {"uv": [0, 0, 16, 16], "texture": "#6"},
				"down": {"uv": [0, 0, 16, 16], "texture": "#6"}
			}
		},
		{
			"from": [4, 3, 2.25],
			"to": [8, 7, 5.25],
			"rotation": {"angle": 45, "axis": "x", "origin": [6, 5, 2.75]},
			"faces": {
				"north": {"uv": [0, 0, 16, 16], "texture": "#6"},
				"east": {"uv": [0, 0, 16, 16], "texture": "#6"},
				"south": {"uv": [0, 0, 16, 16], "texture": "#6"},
				"west": {"uv": [0, 0, 16, 16], "texture": "#6"},
				"up": {"uv": [0, 0, 16, 16], "texture": "#6"},
				"down": {"uv": [0, 0, 16, 16], "texture": "#6"}
			}
		}
	],
	"display": {
		"thirdperson_righthand": {
			"scale": [0.4, 0.4, 0.4],
			"rotation": [0, -90, 0],
			"translation": [-0.5, 1.5, 0]
		},
		"firstperson_righthand": {
			"scale": [2.575, 1, 1],
			"rotation": [-2.5, -90, 0],
			"translation": [-10, 1.2, -21.5]
		},
		"gui": {
			"scale": [0.35, 0.35, 0.35],
			"rotation": [40, 44, -13],
			"translation": [0, 0, 0]
		},
		"firstperson_lefthand": {
			"scale": [2.575, 1, 1],
			"rotation": [-2.5, 90, 0],
			"translation": [-8, 1.2, -21.2]
		},
		"ground": {
			"scale": [0.5, 0.5, 0.5],
			"translation": [0, 3.5, 0]
		},
		"fixed": {
			"translation": [-1, 1.5, -1.5],
			"scale": [0.5, 0.5, 0.5]
		},
		"thirdperson_lefthand": {
			"scale": [0.4, 0.4, 0.4],
			"rotation": [0, 90, 0],
			"translation": [-0.5, 1.5, 0]
		}
	},
	"groups": [0, 1, 2, 3, 4, 5, 6, 7, 8, 9, 10, 11, 12, 13, 14, 15, 16, 17, 18, 19, 20, 21,
		{
			"name": "ammo",
			"isOpen": false,
			"shade": true,
			"display": {
				"visibility": true,
				"autouv": true
			},
			"children": [22, 23, 24, 25, 26, 27, 28]
		}
	]
}