{
	"credit": "Made with Blockbench",
	"textures": {
		"0": "custom/black-metal",
		"1": "custom/green-canvas",
		"2": "custom/brushed-metal",
		"3": "custom/red"
	},
	"elements": [
		{
			"from": [7.42093, 6.08992, -6.436],
			"to": [8.57907, 8.26144, 12.64],
			"faces": {
				"north": {"uv": [0, 0, 0.832, 1.56], "texture": "#1"},
				"east": {"uv": [0, 0, 16, 1.56], "texture": "#1"},
				"south": {"uv": [0, 0, 0.832, 1.56], "texture": "#1"},
				"west": {"uv": [0, 0, 16, 1.56], "texture": "#1"},
				"up": {"uv": [0, 0, 0.832, 16], "texture": "#1"},
				"down": {"uv": [0, 0, 0.832, 16], "texture": "#1"}
			}
		},
		{
			"from": [6.91424, 6.59661, -6.436],
			"to": [9.08576, 7.75475, 12.64],
			"rotation": {"angle": 0, "axis": "z", "origin": [8, 7.17568, 1.04]},
			"faces": {
				"north": {"uv": [0, 0, 1.56, 0.832], "texture": "#1"},
				"east": {"uv": [0, 0, 16, 0.832], "texture": "#1"},
				"south": {"uv": [0, 0, 1.56, 0.832], "texture": "#1"},
				"west": {"uv": [0, 0, 16, 0.832], "texture": "#1"},
				"up": {"uv": [0, 0, 1.56, 16], "texture": "#1"},
				"down": {"uv": [0, 0, 1.56, 16], "texture": "#1"}
			}
		},
		{
			"from": [6.82376, 6.81376, -6.436],
			"to": [9.17624, 7.5376, 12.64],
			"rotation": {"angle": 45, "axis": "z", "origin": [8, 7.17568, 1.04]},
			"faces": {
				"north": {"uv": [0, 0, 1.69, 0.52], "texture": "#1"},
				"east": {"uv": [0, 0, 16, 0.52], "texture": "#1"},
				"south": {"uv": [0, 0, 1.69, 0.52], "texture": "#1"},
				"west": {"uv": [0, 0, 16, 0.52], "texture": "#1"},
				"up": {"uv": [0, 0, 1.69, 16], "texture": "#1"},
				"down": {"uv": [0, 0, 1.69, 16], "texture": "#1"}
			}
		},
		{
			"from": [6.82376, 6.81376, -6.436],
			"to": [9.17624, 7.5376, 12.64],
			"rotation": {"angle": -45, "axis": "z", "origin": [8, 7.17568, 1.04]},
			"faces": {
				"north": {"uv": [0, 0, 1.69, 0.52], "texture": "#1"},
				"east": {"uv": [0, 0, 16, 0.52], "texture": "#1"},
				"south": {"uv": [0, 0, 1.69, 0.52], "texture": "#1"},
				"west": {"uv": [0, 0, 16, 0.52], "texture": "#1"},
				"up": {"uv": [0, 0, 1.69, 16], "texture": "#1"},
				"down": {"uv": [0, 0, 1.69, 16], "texture": "#1"}
			}
		},
		{
			"from": [6.6776, 6.6328, 31.2],
			"to": [9.3224, 7.7464, 31.664],
			"rotation": {"angle": -45, "axis": "z", "origin": [8, 7.1896, 36.768]},
			"faces": {
				"north": {"uv": [0, 0, 2.204, 0.928], "texture": "#0"},
				"east": {"uv": [0, 0, 0.464, 0.928], "texture": "#0"},
				"south": {"uv": [0, 0, 2.204, 0.928], "texture": "#0"},
				"west": {"uv": [0, 0, 0.464, 0.928], "texture": "#0"},
				"up": {"uv": [0, 0, 2.204, 0.464], "texture": "#0"},
				"down": {"uv": [0, 0, 2.204, 0.464], "texture": "#0"}
			}
		},
		{
			"from": [6.6776, 6.6328, 31.2],
			"to": [9.3224, 7.7464, 31.664],
			"rotation": {"angle": 45, "axis": "z", "origin": [8, 7.1896, 36.768]},
			"faces": {
				"north": {"uv": [0, 0, 2.204, 0.928], "texture": "#0"},
				"east": {"uv": [0, 0, 0.464, 0.928], "texture": "#0"},
				"south": {"uv": [0, 0, 2.204, 0.928], "texture": "#0"},
				"west": {"uv": [0, 0, 0.464, 0.928], "texture": "#0"},
				"up": {"uv": [0, 0, 2.204, 0.464], "texture": "#0"},
				"down": {"uv": [0, 0, 2.204, 0.464], "texture": "#0"}
			}
		},
		{
			"from": [7.47104, 5.8672, 31.2],
			"to": [8.5568, 8.512, 31.664],
			"faces": {
				"north": {"uv": [0, 0, 0.9048, 2.204], "texture": "#0"},
				"east": {"uv": [0, 0, 0.464, 2.204], "texture": "#0"},
				"south": {"uv": [0, 0, 0.9048, 2.204], "texture": "#0"},
				"west": {"uv": [0, 0, 0.464, 2.204], "texture": "#0"},
				"up": {"uv": [0, 0, 0.9048, 0.464], "texture": "#0"},
				"down": {"uv": [0, 0, 0.9048, 0.464], "texture": "#0"}
			}
		},
		{
			"from": [6.6776, 6.66064, 31.2],
			"to": [9.3224, 7.7464, 31.664],
			"rotation": {"angle": 0, "axis": "z", "origin": [8, 7.1896, 36.768]},
			"faces": {
				"north": {"uv": [0, 0, 2.204, 0.9048], "texture": "#0"},
				"east": {"uv": [0, 0, 0.464, 0.9048], "texture": "#0"},
				"south": {"uv": [0, 0, 2.204, 0.9048], "texture": "#0"},
				"west": {"uv": [0, 0, 0.464, 0.9048], "texture": "#0"},
				"up": {"uv": [0, 0, 2.204, 0.464], "texture": "#0"},
				"down": {"uv": [0, 0, 2.204, 0.464], "texture": "#0"}
			}
		},
		{
			"from": [7.55456, 6.3544, 31.606],
			"to": [8.44544, 8.0248, 31.838],
			"faces": {
				"north": {"uv": [0, 0, 0.7424, 1.392], "texture": "#0"},
				"east": {"uv": [0, 0, 0.232, 1.392], "texture": "#0"},
				"south": {"uv": [0, 0, 0.7424, 1.392], "texture": "#0"},
				"west": {"uv": [0, 0, 0.232, 1.392], "texture": "#0"},
				"up": {"uv": [0, 0, 0.7424, 0.232], "texture": "#0"},
				"down": {"uv": [0, 0, 0.7424, 0.232], "texture": "#0"}
			}
		},
		{
			"from": [7.1648, 6.74416, 31.606],
			"to": [8.8352, 7.63504, 31.838],
			"rotation": {"angle": 0, "axis": "z", "origin": [8, 7.1896, 36.71]},
			"faces": {
				"north": {"uv": [0, 0, 1.392, 0.7424], "texture": "#0"},
				"east": {"uv": [0, 0, 0.232, 0.7424], "texture": "#0"},
				"south": {"uv": [0, 0, 1.392, 0.7424], "texture": "#0"},
				"west": {"uv": [0, 0, 0.232, 0.7424], "texture": "#0"},
				"up": {"uv": [0, 0, 1.392, 0.232], "texture": "#0"},
				"down": {"uv": [0, 0, 1.392, 0.232], "texture": "#0"}
			}
		},
		{
			"from": [7.0952, 6.9112, 31.606],
			"to": [8.9048, 7.468, 31.838],
			"rotation": {"angle": 45, "axis": "z", "origin": [8, 7.1896, 36.71]},
			"faces": {
				"north": {"uv": [0, 0, 1.508, 0.464], "texture": "#0"},
				"east": {"uv": [0, 0, 0.232, 0.464], "texture": "#0"},
				"south": {"uv": [0, 0, 1.508, 0.464], "texture": "#0"},
				"west": {"uv": [0, 0, 0.232, 0.464], "texture": "#0"},
				"up": {"uv": [0, 0, 1.508, 0.232], "texture": "#0"},
				"down": {"uv": [0, 0, 1.508, 0.232], "texture": "#0"}
			}
		},
		{
			"from": [7.0952, 6.9112, 31.606],
			"to": [8.9048, 7.468, 31.838],
			"rotation": {"angle": -45, "axis": "z", "origin": [8, 7.1896, 36.71]},
			"faces": {
				"north": {"uv": [0, 0, 1.508, 0.464], "texture": "#0"},
				"east": {"uv": [0, 0, 0.232, 0.464], "texture": "#0"},
				"south": {"uv": [0, 0, 1.508, 0.464], "texture": "#0"},
				"west": {"uv": [0, 0, 0.232, 0.464], "texture": "#0"},
				"up": {"uv": [0, 0, 1.508, 0.232], "texture": "#0"},
				"down": {"uv": [0, 0, 1.508, 0.232], "texture": "#0"}
			}
		},
		{
			"from": [7.55456, 6.3544, 23.08],
			"to": [8.44544, 8.0248, 31.2],
			"faces": {
				"north": {"uv": [0, 0, 0.7424, 1.392], "texture": "#1"},
				"east": {"uv": [0, 0, 8.12, 1.392], "texture": "#1"},
				"south": {"uv": [0, 0, 0.7424, 1.392], "texture": "#1"},
				"west": {"uv": [0, 0, 8.12, 1.392], "texture": "#1"},
				"up": {"uv": [0, 0, 0.7424, 8.12], "texture": "#1"},
				"down": {"uv": [0, 0, 0.7424, 8.12], "texture": "#1"}
			}
		},
		{
			"from": [7.1648, 6.74416, 23.08],
			"to": [8.8352, 7.63504, 31.2],
			"rotation": {"angle": 0, "axis": "z", "origin": [8, 7.1896, 8]},
			"faces": {
				"north": {"uv": [0, 0, 1.392, 0.7424], "texture": "#1"},
				"east": {"uv": [0, 0, 8.12, 0.7424], "texture": "#1"},
				"south": {"uv": [0, 0, 1.392, 0.7424], "texture": "#1"},
				"west": {"uv": [0, 0, 8.12, 0.7424], "texture": "#1"},
				"up": {"uv": [0, 0, 1.392, 8.12], "texture": "#1"},
				"down": {"uv": [0, 0, 1.392, 8.12], "texture": "#1"}
			}
		},
		{
			"from": [7.0952, 6.9112, 23.08],
			"to": [8.9048, 7.468, 31.2],
			"rotation": {"angle": 45, "axis": "z", "origin": [8, 7.1896, 8]},
			"faces": {
				"north": {"uv": [0, 0, 1.508, 0.464], "texture": "#1"},
				"east": {"uv": [0, 0, 8.12, 0.464], "texture": "#1"},
				"south": {"uv": [0, 0, 1.508, 0.464], "texture": "#1"},
				"west": {"uv": [0, 0, 8.12, 0.464], "texture": "#1"},
				"up": {"uv": [0, 0, 1.508, 8.12], "texture": "#1"},
				"down": {"uv": [0, 0, 1.508, 8.12], "texture": "#1"}
			}
		},
		{
			"from": [7.246, 6.676, 23.08],
			"to": [8.754, 7.14, 31.2],
			"rotation": {"angle": -45, "axis": "z", "origin": [8, 6.908, 8]},
			"faces": {
				"north": {"uv": [0, 0, 1.3, 0.4], "texture": "#1"},
				"east": {"uv": [0, 0, 7, 0.4], "texture": "#1"},
				"south": {"uv": [0, 0, 1.3, 0.4], "texture": "#1"},
				"west": {"uv": [0, 0, 7, 0.4], "texture": "#1"},
				"up": {"uv": [0, 0, 1.3, 7], "texture": "#1"},
				"down": {"uv": [0, 0, 1.3, 7], "texture": "#1"}
			}
		},
		{
			"from": [7.42093, 6.08992, 19.6],
			"to": [8.57907, 8.26144, 23.08],
			"faces": {
				"north": {"uv": [0, 0, 0.832, 1.56], "texture": "#1"},
				"east": {"uv": [0, 0, 3, 1.56], "texture": "#1"},
				"south": {"uv": [0, 0, 0.832, 1.56], "texture": "#1"},
				"west": {"uv": [0, 0, 3, 1.56], "texture": "#1"},
				"up": {"uv": [0, 0, 0.832, 3], "texture": "#1"},
				"down": {"uv": [0, 0, 0.832, 3], "texture": "#1"}
			}
		},
		{
			"from": [6.82376, 6.81376, 19.6],
			"to": [9.17624, 7.5376, 23.08],
			"rotation": {"angle": 45, "axis": "z", "origin": [8, 7.17568, 14.96]},
			"faces": {
				"north": {"uv": [0, 0, 1.69, 0.52], "texture": "#1"},
				"east": {"uv": [0, 0, 3, 0.52], "texture": "#1"},
				"south": {"uv": [0, 0, 1.69, 0.52], "texture": "#1"},
				"west": {"uv": [0, 0, 3, 0.52], "texture": "#1"},
				"up": {"uv": [0, 0, 1.69, 3], "texture": "#1"},
				"down": {"uv": [0, 0, 1.69, 3], "texture": "#1"}
			}
		},
		{
			"from": [6.91424, 6.59661, 19.6],
			"to": [9.08576, 7.75475, 23.08],
			"rotation": {"angle": 0, "axis": "z", "origin": [8, 7.17568, 14.96]},
			"faces": {
				"north": {"uv": [0, 0, 1.56, 0.832], "texture": "#1"},
				"east": {"uv": [0, 0, 3, 0.832], "texture": "#1"},
				"south": {"uv": [0, 0, 1.56, 0.832], "texture": "#1"},
				"west": {"uv": [0, 0, 3, 0.832], "texture": "#1"},
				"up": {"uv": [0, 0, 1.56, 3], "texture": "#1"},
				"down": {"uv": [0, 0, 1.56, 3], "texture": "#1"}
			}
		},
		{
			"from": [6.82376, 6.81376, 19.6],
			"to": [9.17624, 7.5376, 23.08],
			"rotation": {"angle": -45, "axis": "z", "origin": [8, 7.17568, 14.96]},
			"faces": {
				"north": {"uv": [0, 0, 1.69, 0.52], "texture": "#1"},
				"east": {"uv": [0, 0, 3, 0.52], "texture": "#1"},
				"south": {"uv": [0, 0, 1.69, 0.52], "texture": "#1"},
				"west": {"uv": [0, 0, 3, 0.52], "texture": "#1"},
				"up": {"uv": [0, 0, 1.69, 3], "texture": "#1"},
				"down": {"uv": [0, 0, 1.69, 3], "texture": "#1"}
			}
		},
		{
			"from": [7.42093, 6.08992, 12.64],
			"to": [8.57907, 8.26144, 19.6],
			"faces": {
				"north": {"uv": [0, 0, 6, 1.56], "texture": "#0"},
				"east": {"uv": [0, 0, 6, 1.56], "texture": "#0"},
				"south": {"uv": [0, 0, 6, 1.56], "texture": "#0"},
				"west": {"uv": [0, 0, 6, 1.56], "texture": "#0"},
				"up": {"uv": [0, 0, 6, 1.56], "texture": "#0"},
				"down": {"uv": [0, 0, 6, 1.56], "texture": "#0"}
			}
		},
		{
			"from": [6.82376, 6.81376, 12.64],
			"to": [9.17624, 7.5376, 19.6],
			"rotation": {"angle": 45, "axis": "z", "origin": [8, 7.17568, 11.48]},
			"faces": {
				"north": {"uv": [0, 0, 6, 0.52], "texture": "#0"},
				"east": {"uv": [0, 0, 6, 0.52], "texture": "#0"},
				"south": {"uv": [0, 0, 6, 0.52], "texture": "#0"},
				"west": {"uv": [0, 0, 6, 0.52], "texture": "#0"},
				"up": {"uv": [0, 0, 6, 0.52], "texture": "#0"},
				"down": {"uv": [0, 0, 6, 0.52], "texture": "#0"}
			}
		},
		{
			"from": [6.91424, 6.59661, 12.64],
			"to": [9.08576, 7.75475, 19.6],
			"rotation": {"angle": 0, "axis": "z", "origin": [8, 7.17568, 11.48]},
			"faces": {
				"north": {"uv": [0, 0, 6, 0.832], "texture": "#0"},
				"east": {"uv": [0, 0, 6, 0.832], "texture": "#0"},
				"south": {"uv": [0, 0, 6, 0.832], "texture": "#0"},
				"west": {"uv": [0, 0, 6, 0.832], "texture": "#0"},
				"up": {"uv": [0, 0, 6, 0.832], "texture": "#0"},
				"down": {"uv": [0, 0, 6, 0.832], "texture": "#0"}
			}
		},
		{
			"from": [6.82376, 6.81376, 12.64],
			"to": [9.17624, 7.5376, 19.6],
			"rotation": {"angle": -45, "axis": "z", "origin": [8, 7.17568, 11.48]},
			"faces": {
				"north": {"uv": [0, 0, 6, 0.52], "texture": "#0"},
				"east": {"uv": [0, 0, 6, 0.52], "texture": "#0"},
				"south": {"uv": [0, 0, 6, 0.52], "texture": "#0"},
				"west": {"uv": [0, 0, 6, 0.52], "texture": "#0"},
				"up": {"uv": [0, 0, 6, 0.52], "texture": "#0"},
				"down": {"uv": [0, 0, 6, 0.52], "texture": "#0"}
			}
		},
		{
			"from": [7.584, 5.76, 14.75],
			"to": [8.416, 6.07, 20.75],
			"faces": {
				"north": {"uv": [0, 0, 6, 1.56], "texture": "#1"},
				"east": {"uv": [0, 0, 6, 1.56], "texture": "#1"},
				"south": {"uv": [0, 0, 6, 1.56], "texture": "#1"},
				"west": {"uv": [0, 0, 6, 1.56], "texture": "#1"},
				"up": {"uv": [0, 0, 6, 1.56], "texture": "#1"},
				"down": {"uv": [0, 0, 6, 1.56], "texture": "#1"}
			}
		},
		{
			"from": [7.234, 2.26, 18.2],
			"to": [8.766, 3.17, 20.75],
			"faces": {
				"north": {"uv": [0, 0, 6, 1.56], "texture": "#1"},
				"east": {"uv": [0, 0, 6, 1.56], "texture": "#1"},
				"south": {"uv": [0, 0, 6, 1.56], "texture": "#1"},
				"west": {"uv": [0, 0, 6, 1.56], "texture": "#1"},
				"up": {"uv": [0, 0, 6, 1.56], "texture": "#1"},
				"down": {"uv": [0, 0, 6, 1.56], "texture": "#1"}
			}
		},
		{
			"from": [7.484, 2.36, 19.45],
			"to": [8.516, 6.17, 20.5],
			"faces": {
				"north": {"uv": [0, 0, 6, 1.56], "texture": "#1"},
				"east": {"uv": [0, 0, 6, 1.56], "texture": "#1"},
				"south": {"uv": [0, 0, 6, 1.56], "texture": "#1"},
				"west": {"uv": [0, 0, 6, 1.56], "texture": "#1"},
				"up": {"uv": [0, 0, 6, 1.56], "texture": "#1"},
				"down": {"uv": [0, 0, 6, 1.56], "texture": "#1"}
			}
		},
		{
			"from": [7.584, 5.51, 15.25],
			"to": [8.416, 6.07, 17.25],
			"faces": {
				"north": {"uv": [0, 0, 6, 1.56], "texture": "#1"},
				"east": {"uv": [0, 0, 6, 1.56], "texture": "#1"},
				"south": {"uv": [0, 0, 6, 1.56], "texture": "#1"},
				"west": {"uv": [0, 0, 6, 1.56], "texture": "#1"},
				"up": {"uv": [0, 0, 6, 1.56], "texture": "#1"},
				"down": {"uv": [0, 0, 6, 1.56], "texture": "#1"}
			}
		},
		{
			"from": [7.684, 5.06, 15.85],
			"to": [8.316, 5.37, 17.45],
			"rotation": {"angle": 22.5, "axis": "x", "origin": [8, 5.34, 16.95]},
			"faces": {
				"north": {"uv": [0, 0, 6, 1.56], "texture": "#0"},
				"east": {"uv": [0, 0, 6, 1.56], "texture": "#0"},
				"south": {"uv": [0, 0, 6, 1.56], "texture": "#0"},
				"west": {"uv": [0, 0, 6, 1.56], "texture": "#0"},
				"up": {"uv": [0, 0, 6, 1.56], "texture": "#0"},
				"down": {"uv": [0, 0, 6, 1.56], "texture": "#0"}
			}
		},
		{
			"from": [7.684, 3.55, 18.07],
			"to": [8.316, 4.55, 18.38],
			"rotation": {"angle": -22.5, "axis": "x", "origin": [8, 3.8, 18.35]},
			"faces": {
				"north": {"uv": [0, 0, 6, 1.56], "texture": "#0", "rotation": 270},
				"east": {"uv": [0, 0, 6, 1.56], "texture": "#0", "rotation": 270},
				"south": {"uv": [0, 0, 6, 1.56], "texture": "#0", "rotation": 270},
				"west": {"uv": [0, 0, 6, 1.56], "texture": "#0", "rotation": 270},
				"up": {"uv": [0, 0, 6, 1.56], "texture": "#0", "rotation": 270},
				"down": {"uv": [0, 0, 6, 1.56], "texture": "#0", "rotation": 270}
			}
		},
		{
			"from": [7.684, 4.39, 17.18],
			"to": [8.316, 4.7, 18.13],
			"rotation": {"angle": 45, "axis": "x", "origin": [8, 4.67, 17.88]},
			"faces": {
				"north": {"uv": [0, 0, 6, 1.56], "texture": "#0"},
				"east": {"uv": [0, 0, 6, 1.56], "texture": "#0"},
				"south": {"uv": [0, 0, 6, 1.56], "texture": "#0"},
				"west": {"uv": [0, 0, 6, 1.56], "texture": "#0"},
				"up": {"uv": [0, 0, 6, 1.56], "texture": "#0"},
				"down": {"uv": [0, 0, 6, 1.56], "texture": "#0"}
			}
		},
		{
			"from": [7.684, 2.29, 18.17],
			"to": [8.316, 3.59, 18.48],
			"rotation": {"angle": 0, "axis": "x", "origin": [8, 3.29, 18.45]},
			"faces": {
				"north": {"uv": [0, 0, 6, 1.56], "texture": "#0", "rotation": 270},
				"east": {"uv": [0, 0, 6, 1.56], "texture": "#0", "rotation": 270},
				"south": {"uv": [0, 0, 6, 1.56], "texture": "#0", "rotation": 270},
				"west": {"uv": [0, 0, 6, 1.56], "texture": "#0", "rotation": 270},
				"up": {"uv": [0, 0, 6, 1.56], "texture": "#0", "rotation": 270},
				"down": {"uv": [0, 0, 6, 1.56], "texture": "#0", "rotation": 270}
			}
		},
		{
			"from": [7.484, -1.64, 19.45],
			"to": [8.516, -1.53, 20.5],
			"faces": {
				"north": {"uv": [0, 13, 6, 14.55938], "texture": "#2"},
				"east": {"uv": [0, 12, 6, 13.55938], "texture": "#2"},
				"south": {"uv": [0, 13, 6, 14.55938], "texture": "#2"},
				"west": {"uv": [0, 13, 6, 14.55938], "texture": "#2"},
				"up": {"uv": [0, 12, 6, 13.55938], "texture": "#2"},
				"down": {"uv": [0, 13, 6, 14.55938], "texture": "#2"}
			}
		},
		{
			"from": [7.484, 1.36, 19.45],
			"to": [8.516, 2.27, 20.5],
			"faces": {
				"north": {"uv": [0, 13, 6, 14.55938], "texture": "#2"},
				"east": {"uv": [0, 12, 6, 13.55938], "texture": "#2"},
				"south": {"uv": [0, 13, 6, 14.55938], "texture": "#2"},
				"west": {"uv": [0, 13, 6, 14.55938], "texture": "#2"},
				"up": {"uv": [0, 12, 6, 13.55938], "texture": "#2"},
				"down": {"uv": [0, 13, 6, 14.55938], "texture": "#2"}
			}
		},
		{
			"from": [7.584, -1.54, 19.55],
			"to": [8.416, 1.37, 20.4],
			"faces": {
				"north": {"uv": [0, 13, 6, 14.55938], "texture": "#2"},
				"east": {"uv": [0, 12, 6, 13.55938], "texture": "#2"},
				"south": {"uv": [0, 13, 6, 14.55938], "texture": "#2"},
				"west": {"uv": [0, 13, 6, 14.55938], "texture": "#2"},
				"up": {"uv": [0, 12, 6, 13.55938], "texture": "#2"},
				"down": {"uv": [0, 13, 6, 14.55938], "texture": "#2"}
			}
		},
		{
			"from": [7.584, 5.76, 2.75],
			"to": [8.416, 6.07, 6.75],
			"faces": {
				"north": {"uv": [0, 0, 6, 1.56], "texture": "#1"},
				"east": {"uv": [0, 0, 6, 1.56], "texture": "#1"},
				"south": {"uv": [0, 0, 6, 1.56], "texture": "#1"},
				"west": {"uv": [0, 0, 6, 1.56], "texture": "#1"},
				"up": {"uv": [0, 0, 6, 1.56], "texture": "#1"},
				"down": {"uv": [0, 0, 6, 1.56], "texture": "#1"}
			}
		},
		{
			"from": [7.484, 5.36, 5.2],
			"to": [8.516, 6.17, 6.45],
			"faces": {
				"north": {"uv": [0, 0, 6, 1.56], "texture": "#1"},
				"east": {"uv": [0, 0, 6, 1.56], "texture": "#1"},
				"south": {"uv": [0, 0, 6, 1.56], "texture": "#1"},
				"west": {"uv": [0, 0, 6, 1.56], "texture": "#1"},
				"up": {"uv": [0, 0, 6, 1.56], "texture": "#1"},
				"down": {"uv": [0, 0, 6, 1.56], "texture": "#1"}
			}
		},
		{
			"from": [7.584, 2.86, 5.25],
			"to": [8.416, 6.17, 6.1],
			"faces": {
				"north": {"uv": [0, 0, 6, 1.56], "texture": "#0"},
				"east": {"uv": [0, 0, 6, 1.56], "texture": "#0"},
				"south": {"uv": [0, 0, 6, 1.56], "texture": "#0"},
				"west": {"uv": [0, 0, 6, 1.56], "texture": "#0"},
				"up": {"uv": [0, 0, 6, 1.56], "texture": "#0"},
				"down": {"uv": [0, 0, 6, 1.56], "texture": "#0"}
			}
		},
		{
			"from": [7.42093, 6.08992, -6.9],
			"to": [8.57907, 8.26144, -6.436],
			"faces": {
				"north": {"uv": [0, 0, 0.2, 1.56], "texture": "#0"},
				"east": {"uv": [0, 0, 0.2, 1.56], "texture": "#0"},
				"south": {"uv": [0, 0, 0.2, 1.56], "texture": "#0"},
				"west": {"uv": [0, 0, 0.2, 1.56], "texture": "#0"},
				"up": {"uv": [0, 0, 0.2, 1.56], "texture": "#0"},
				"down": {"uv": [0, 0, 0.2, 1.56], "texture": "#0"}
			}
		},
		{
			"from": [6.82376, 6.81376, -6.9],
			"to": [9.17624, 7.5376, -6.436],
			"rotation": {"angle": 45, "axis": "z", "origin": [8, 7.17568, 13.98]},
			"faces": {
				"north": {"uv": [0, 0, 0.2, 0.52], "texture": "#0"},
				"east": {"uv": [0, 0, 0.2, 0.52], "texture": "#0"},
				"south": {"uv": [0, 0, 0.2, 0.52], "texture": "#0"},
				"west": {"uv": [0, 0, 0.2, 0.52], "texture": "#0"},
				"up": {"uv": [0, 0, 0.2, 0.52], "texture": "#0"},
				"down": {"uv": [0, 0, 0.2, 0.52], "texture": "#0"}
			}
		},
		{
			"from": [6.91424, 6.59661, -6.9],
			"to": [9.08576, 7.75475, -6.436],
			"rotation": {"angle": 0, "axis": "z", "origin": [8, 7.17568, 13.98]},
			"faces": {
				"north": {"uv": [0, 0, 0.2, 0.832], "texture": "#0"},
				"east": {"uv": [0, 0, 0.2, 0.832], "texture": "#0"},
				"south": {"uv": [0, 0, 0.2, 0.832], "texture": "#0"},
				"west": {"uv": [0, 0, 0.2, 0.832], "texture": "#0"},
				"up": {"uv": [0, 0, 0.2, 0.832], "texture": "#0"},
				"down": {"uv": [0, 0, 0.2, 0.832], "texture": "#0"}
			}
		},
		{
			"from": [6.82376, 6.81376, -6.9],
			"to": [9.17624, 7.5376, -6.436],
			"rotation": {"angle": -45, "axis": "z", "origin": [8, 7.17568, 13.98]},
			"faces": {
				"north": {"uv": [0, 0, 0.2, 0.52], "texture": "#0"},
				"east": {"uv": [0, 0, 0.2, 0.52], "texture": "#0"},
				"south": {"uv": [0, 0, 0.2, 0.52], "texture": "#0"},
				"west": {"uv": [0, 0, 0.2, 0.52], "texture": "#0"},
				"up": {"uv": [0, 0, 0.2, 0.52], "texture": "#0"},
				"down": {"uv": [0, 0, 0.2, 0.52], "texture": "#0"}
			}
		},
		{
			"from": [6.90032, 6.87501, -5.588],
			"to": [6.98384, 7.47635, -2.34],
			"rotation": {"angle": 0, "axis": "z", "origin": [5.912, 7.17568, 1.14]},
			"faces": {
				"north": {"uv": [0, 0, 2.8, 0.432], "texture": "#2"},
				"east": {"uv": [0, 0, 2.8, 0.432], "texture": "#2"},
				"south": {"uv": [0, 0, 2.8, 0.432], "texture": "#2"},
				"west": {"uv": [0, 0, 2.8, 0.432], "texture": "#2"},
				"up": {"uv": [0, 0, 2.8, 0.432], "texture": "#2"},
				"down": {"uv": [0, 0, 2.8, 0.432], "texture": "#2"}
			}
		},
		{
			"from": [7.784, 1.86, 10.25],
			"to": [8.316, 6.17, 11.2],
			"rotation": {"angle": -22.5, "axis": "x", "origin": [8, 4.515, 10.675]},
			"faces": {
				"north": {"uv": [0, 0, 6, 1.56], "texture": "#0"},
				"east": {"uv": [0, 0, 6, 1.56], "texture": "#0"},
				"south": {"uv": [0, 0, 6, 1.56], "texture": "#0"},
				"west": {"uv": [0, 0, 6, 1.56], "texture": "#0"},
				"up": {"uv": [0, 0, 6, 1.56], "texture": "#0"},
				"down": {"uv": [0, 0, 6, 1.56], "texture": "#0"}
			}
		},
		{
			"from": [7.684, 4.86, 9.25],
			"to": [8.316, 6.17, 11.1],
			"faces": {
				"north": {"uv": [0, 0, 6, 1.56], "texture": "#0"},
				"east": {"uv": [0, 0, 6, 1.56], "texture": "#0"},
				"south": {"uv": [0, 0, 6, 1.56], "texture": "#0"},
				"west": {"uv": [0, 0, 6, 1.56], "texture": "#0"},
				"up": {"uv": [0, 0, 6, 1.56], "texture": "#0"},
				"down": {"uv": [0, 0, 6, 1.56], "texture": "#0"}
			}
		},
		{
			"from": [7.784, 4.11, 9.75],
			"to": [8.216, 5.42, 9.85],
			"rotation": {"angle": 22.5, "axis": "x", "origin": [8, 4.765, 9.8]},
			"faces": {
				"north": {"uv": [0, 0, 6, 1.56], "texture": "#0"},
				"east": {"uv": [0, 0, 6, 1.56], "texture": "#0"},
				"south": {"uv": [0, 0, 6, 1.56], "texture": "#0"},
				"west": {"uv": [0, 0, 6, 1.56], "texture": "#0"},
				"up": {"uv": [0, 0, 6, 1.56], "texture": "#0"},
				"down": {"uv": [0, 0, 6, 1.56], "texture": "#0"}
			}
		},
		{
			"from": [7.584, 8.11, 11],
			"to": [8.416, 8.67, 12],
			"faces": {
				"north": {"uv": [0, 0, 6, 1.56], "texture": "#2"},
				"east": {"uv": [0, 0, 6, 1.56], "texture": "#2"},
				"south": {"uv": [0, 0, 6, 1.56], "texture": "#2"},
				"west": {"uv": [0, 0, 6, 1.56], "texture": "#2"},
				"up": {"uv": [0, 0, 6, 1.56], "texture": "#2"},
				"down": {"uv": [0, 0, 6, 1.56], "texture": "#2"}
			}
		},
		{
			"from": [8.47, 8.974, 10.1],
			"to": [8.78, 9.806, 14.5],
			"rotation": {"angle": 0, "axis": "z", "origin": [8, 9.39, 9]},
			"faces": {
				"north": {"uv": [0, 13, 6, 14.55938], "texture": "#2"},
				"east": {"uv": [0, 13, 6, 14.55938], "texture": "#2"},
				"south": {"uv": [0, 13, 6, 14.55938], "texture": "#2"},
				"west": {"uv": [0, 13, 6, 14.55938], "texture": "#2"},
				"up": {"uv": [0, 13, 6, 14.55938], "texture": "#2"},
				"down": {"uv": [0, 13, 6, 14.55938], "texture": "#2"}
			}
		},
		{
			"from": [7.155, 9.13, 10.1],
			"to": [7.495, 9.65, 14.5],
			"rotation": {"angle": -45, "axis": "z", "origin": [8, 9.39, 9]},
			"faces": {
				"north": {"uv": [0, 13, 6, 14.55938], "texture": "#2"},
				"east": {"uv": [0, 13, 6, 14.55938], "texture": "#2"},
				"south": {"uv": [0, 13, 6, 14.55938], "texture": "#2"},
				"west": {"uv": [0, 13, 6, 14.55938], "texture": "#2"},
				"up": {"uv": [0, 13, 6, 14.55938], "texture": "#2"},
				"down": {"uv": [0, 13, 6, 14.55938], "texture": "#2"}
			}
		},
		{
			"from": [7.155, 9.13, 10.1],
			"to": [7.495, 9.65, 14.5],
			"rotation": {"angle": 45, "axis": "z", "origin": [8, 9.39, 9]},
			"faces": {
				"north": {"uv": [0, 13, 6, 14.55938], "texture": "#2"},
				"east": {"uv": [0, 13, 6, 14.55938], "texture": "#2"},
				"south": {"uv": [0, 13, 6, 14.55938], "texture": "#2"},
				"west": {"uv": [0, 13, 6, 14.55938], "texture": "#2"},
				"up": {"uv": [0, 13, 6, 14.55938], "texture": "#2"},
				"down": {"uv": [0, 13, 6, 14.55938], "texture": "#2"}
			}
		},
		{
			"from": [7.584, 8.61, 10.1],
			"to": [8.416, 8.92, 14.5],
			"faces": {
				"north": {"uv": [0, 13, 6, 14.55938], "texture": "#2"},
				"east": {"uv": [0, 13, 6, 14.55938], "texture": "#2"},
				"south": {"uv": [0, 13, 6, 14.55938], "texture": "#2"},
				"west": {"uv": [0, 13, 6, 14.55938], "texture": "#2"},
				"up": {"uv": [0, 13, 6, 14.55938], "texture": "#2"},
				"down": {"uv": [0, 13, 6, 14.55938], "texture": "#2"}
			}
		},
		{
			"from": [7.22, 8.974, 10.1],
			"to": [7.53, 9.806, 14.5],
			"rotation": {"angle": 0, "axis": "z", "origin": [8, 9.39, 9]},
			"faces": {
				"north": {"uv": [0, 13, 6, 14.55938], "texture": "#2"},
				"east": {"uv": [0, 13, 6, 14.55938], "texture": "#2"},
				"south": {"uv": [0, 13, 6, 14.55938], "texture": "#2"},
				"west": {"uv": [0, 13, 6, 14.55938], "texture": "#2"},
				"up": {"uv": [0, 13, 6, 14.55938], "texture": "#2"},
				"down": {"uv": [0, 13, 6, 14.55938], "texture": "#2"}
			}
		},
		{
			"from": [8.505, 9.13, 10.1],
			"to": [8.845, 9.65, 14.5],
			"rotation": {"angle": -45, "axis": "z", "origin": [8, 9.39, 9]},
			"faces": {
				"north": {"uv": [0, 13, 6, 14.55938], "texture": "#2"},
				"east": {"uv": [0, 13, 6, 14.55938], "texture": "#2"},
				"south": {"uv": [0, 13, 6, 14.55938], "texture": "#2"},
				"west": {"uv": [0, 13, 6, 14.55938], "texture": "#2"},
				"up": {"uv": [0, 13, 6, 14.55938], "texture": "#2"},
				"down": {"uv": [0, 13, 6, 14.55938], "texture": "#2"}
			}
		},
		{
			"from": [8.505, 9.13, 10.1],
			"to": [8.845, 9.65, 14.5],
			"rotation": {"angle": 45, "axis": "z", "origin": [8, 9.39, 9]},
			"faces": {
				"north": {"uv": [0, 13, 6, 14.55938], "texture": "#2"},
				"east": {"uv": [0, 13, 6, 14.55938], "texture": "#2"},
				"south": {"uv": [0, 13, 6, 14.55938], "texture": "#2"},
				"west": {"uv": [0, 13, 6, 14.55938], "texture": "#2"},
				"up": {"uv": [0, 13, 6, 14.55938], "texture": "#2"},
				"down": {"uv": [0, 13, 6, 14.55938], "texture": "#2"}
			}
		},
		{
			"from": [7.584, 9.86, 10.1],
			"to": [8.416, 10.17, 14.5],
			"faces": {
				"north": {"uv": [0, 13, 6, 14.55938], "texture": "#2"},
				"east": {"uv": [0, 13, 6, 14.55938], "texture": "#2"},
				"south": {"uv": [0, 13, 6, 14.55938], "texture": "#2"},
				"west": {"uv": [0, 13, 6, 14.55938], "texture": "#2"},
				"up": {"uv": [0, 13, 6, 14.55938], "texture": "#2"},
				"down": {"uv": [0, 13, 6, 14.55938], "texture": "#2"}
			}
		},
		{
			"from": [7.584, 10.11, 11],
			"to": [8.416, 10.67, 12],
			"faces": {
				"north": {"uv": [0, 0, 6, 1.56], "texture": "#2"},
				"east": {"uv": [0, 0, 6, 1.56], "texture": "#2"},
				"south": {"uv": [0, 0, 6, 1.56], "texture": "#2"},
				"west": {"uv": [0, 0, 6, 1.56], "texture": "#2"},
				"up": {"uv": [0, 0, 6, 1.56], "texture": "#2"},
				"down": {"uv": [0, 0, 6, 1.56], "texture": "#2"}
			}
		},
		{
			"from": [7.97, 9.38, 11],
			"to": [8.03, 9.44, 12],
			"faces": {
				"north": {"uv": [0, 0, 6, 1.56], "texture": "#3"},
				"east": {"uv": [0, 0, 6, 1.56], "texture": "#3"},
				"south": {"uv": [0, 0, 6, 1.56], "texture": "#3"},
				"west": {"uv": [0, 0, 6, 1.56], "texture": "#3"},
				"up": {"uv": [0, 0, 6, 1.56], "texture": "#3"},
				"down": {"uv": [0, 0, 6, 1.56], "texture": "#3"}
			}
		}
	],
	"display": {
		"thirdperson_righthand": {
			"scale": [1.4, 1.4, 1.4],
			"translation": [0, 4.5, -2]
		},
		"thirdperson_lefthand": {
			"scale": [1.4, 1.4, 1.4],
			"translation": [0, 4.5, -2]
		},
		"firstperson_righthand": {
			"translation": [-2, 3.5, 0],
			"scale": [1, 1, 0.75]
		},
		"firstperson_lefthand": {
			"rotation": [0, 6, 0],
			"translation": [-2, 3.5, 0],
			"scale": [1, 1, 0.75]
		},
		"fixed": {
			"rotation": [0, 90, 0],
			"translation": [-4.5, 3.5, -2.5]
		},
		"ground": {
			"translation": [0, 5.5, 0]
		},
		"gui": {
			"rotation": [42, 132, 0],
			"translation": [-1.5, 0, 0],
			"scale": [0.5, 0.5, 0.5]
		}
	}
}