{
	"credit": "Made with Blockbench",
	"parent": "item/guns/assault_rifles/ar15/unscoped",
	"display": {
		"thirdperson_righthand": {
			"scale": [0.75, 0.5, 0.5],
			"rotation": [0, 90, 0],
			"translation": [3.5, 6.5, -1.5]
		},
		"thirdperson_lefthand": {
			"scale": [0.75, 0.5, 0.5],
			"rotation": [0, -90, 0],
			"translation": [-3.5, 6.5, -1.5]
		},
		"firstperson_righthand": {
			"scale": [1.225, 1.825, 1.825],
			"rotation": [1, 90, 0],
			"translation": [3.75, 13.5, -9]
		},
		"firstperson_lefthand": {
			"scale": [1.225, 1.825, 1.825],
			"rotation": [1, -90, 0],
			"translation": [-21.75, 13.5, -8.7]
		},
		"ground": {
			"scale": [0.75, 0.5, 0.5],
			"translation": [0.5, 8, 3.5]
		},
		"gui": {
			"scale": [0.36, 0.24, 0.24],
			"translation": [-0.25, 2.5, -6],
			"rotation": [35, -164, 0]
		},
		"fixed": {
			"scale": [0.75, 0.5, 0.5],
			"rotation": [0, 180, 0],
			"translation": [-2, 6, -5]
		}
	}
}