{
	"credit": "Made with Blockbench",
	"parent": "item/guns/assault_rifles/ar15/unscoped",
	"display": {
		"thirdperson_righthand": {
			"scale": [0.75, 0.5, 0.5],
			"rotation": [0, 90, 0],
			"translation": [-2.5, 6.5, -1.5]
		},
		"thirdperson_lefthand": {
			"scale": [0.75, 0.5, 0.5],
			"rotation": [0, -90, 0],
			"translation": [-9.5, 6.5, -1.5]
		},
		"firstperson_righthand": {
			"scale": [1.825, 1.825, 1.825],
			"rotation": [0, 98, 0],
			"translation": [25, 5, -24.5]
		},
		"firstperson_lefthand": {
			"scale": [1.825, 1.825, 1.825],
			"rotation": [0, -98, 0],
			"translation": [4.5, 5, -24.5]
		},
		"ground": {
			"scale": [1.5, 1, 1],
			"translation": [0.5, 13, 7]
		},
		"gui": {
			"scale": [0.36, 0.24, 0.24],
			"translation": [-0.25, 2.5, -6],
			"rotation": [35, -164, 0]
		}
	}
}