{
	"credit": "Made with Blockbench",
	"textures": {
		"0": "custom/black-metal",
		"1": "custom/brushed-metal",
		"2": "custom/red",
		"particle": "custom/black-metal"
	},
	"elements": [
		{
			"from": [7.25, 3, 0],
			"to": [8.75, 5, 1],
			"faces": {
				"north": {"uv": [0, 0, 2, 2], "texture": "#0"},
				"east": {"uv": [0, 0, 2, 2], "texture": "#0"},
				"south": {"uv": [0, 0, 2, 2], "texture": "#0"},
				"west": {"uv": [0, 0, 2, 2], "texture": "#0"},
				"up": {"uv": [0, 0, 2, 2], "texture": "#0"},
				"down": {"uv": [0, 0, 2, 2], "texture": "#0"}
			}
		},
		{
			"from": [7.24872, 3.69526, 9.75827],
			"to": [8.74872, 4.69526, 10.45827],
			"rotation": {"angle": -22.5, "axis": "x", "origin": [7.99872, 3.69526, 9.45827]},
			"faces": {
				"north": {"uv": [0, 0, 0.7, 1], "texture": "#0"},
				"east": {"uv": [0, 0, 0.7, 1], "texture": "#0"},
				"south": {"uv": [0, 0, 0.7, 1], "texture": "#0"},
				"west": {"uv": [0, 0, 0.7, 1], "texture": "#0"},
				"up": {"uv": [0, 0, 0.7, 1], "texture": "#0"},
				"down": {"uv": [0, 0, 0.7, 1], "texture": "#0"}
			}
		},
		{
			"from": [7.25, 4.45, 1],
			"to": [8.75, 5, 8],
			"faces": {
				"north": {"uv": [0, 0, 6, 0.55], "texture": "#0"},
				"east": {"uv": [0, 0, 6, 0.55], "texture": "#0"},
				"south": {"uv": [0, 0, 6, 0.55], "texture": "#0"},
				"west": {"uv": [0, 0, 6, 0.55], "texture": "#0"},
				"up": {"uv": [0, 0, 6, 0.55], "texture": "#0"},
				"down": {"uv": [0, 0, 6, 0.55], "texture": "#0"}
			}
		},
		{
			"from": [7.25009, 3, 1],
			"to": [8.75, 3.7, 7.99991],
			"faces": {
				"north": {"uv": [0, 0, 6, 0.65], "texture": "#0"},
				"east": {"uv": [0, 0, 6, 0.65], "texture": "#0"},
				"south": {"uv": [0, 0, 6, 0.65], "texture": "#0"},
				"west": {"uv": [0, 0, 6, 0.65], "texture": "#0"},
				"up": {"uv": [0, 0, 6, 0.65], "texture": "#0"},
				"down": {"uv": [0, 0, 6, 0.65], "texture": "#0"}
			}
		},
		{
			"from": [7.5, 3.7, 1],
			"to": [8.5, 4.5, 9],
			"faces": {
				"north": {"uv": [0, 0, 6, 0.8], "texture": "#2"},
				"east": {"uv": [0, 0, 6, 0.8], "texture": "#2"},
				"south": {"uv": [0, 0, 6, 0.8], "texture": "#2"},
				"west": {"uv": [0, 0, 6, 0.8], "texture": "#2"},
				"up": {"uv": [0, 0, 6, 0.8], "texture": "#2"},
				"down": {"uv": [0, 0, 6, 0.8], "texture": "#2"}
			}
		},
		{
			"from": [7.25, 4.45, 3.2],
			"to": [8.75, 5, 4.9],
			"rotation": {"angle": -45, "axis": "x", "origin": [8, 4.725, 5]},
			"faces": {
				"north": {"uv": [0, 0, 1.7, 0.55], "texture": "#0"},
				"east": {"uv": [0, 0, 1.7, 0.55], "texture": "#0"},
				"south": {"uv": [0, 0, 1.7, 0.55], "texture": "#0"},
				"west": {"uv": [0, 0, 1.7, 0.55], "texture": "#0"},
				"up": {"uv": [0, 0, 1.7, 0.55], "texture": "#0"},
				"down": {"uv": [0, 0, 1.7, 0.55], "texture": "#0"}
			}
		},
		{
			"from": [7.25, 4.45, 4.45],
			"to": [8.75, 5, 6.15],
			"rotation": {"angle": -45, "axis": "x", "origin": [8, 4.725, 6.25]},
			"faces": {
				"north": {"uv": [0, 0, 1.7, 0.55], "texture": "#0"},
				"east": {"uv": [0, 0, 1.7, 0.55], "texture": "#0"},
				"south": {"uv": [0, 0, 1.7, 0.55], "texture": "#0"},
				"west": {"uv": [0, 0, 1.7, 0.55], "texture": "#0"},
				"up": {"uv": [0, 0, 1.7, 0.55], "texture": "#0"},
				"down": {"uv": [0, 0, 1.7, 0.55], "texture": "#0"}
			}
		},
		{
			"from": [7.25, 4.45, 5.7],
			"to": [8.75, 5, 7.4],
			"rotation": {"angle": -45, "axis": "x", "origin": [8, 4.725, 7.5]},
			"faces": {
				"north": {"uv": [0, 0, 1.7, 0.55], "texture": "#0"},
				"east": {"uv": [0, 0, 1.7, 0.55], "texture": "#0"},
				"south": {"uv": [0, 0, 1.7, 0.55], "texture": "#0"},
				"west": {"uv": [0, 0, 1.7, 0.55], "texture": "#0"},
				"up": {"uv": [0, 0, 1.7, 0.55], "texture": "#0"},
				"down": {"uv": [0, 0, 1.7, 0.55], "texture": "#0"}
			}
		},
		{
			"from": [7.25, 4.45, 1.95],
			"to": [8.75, 5, 3.65],
			"rotation": {"angle": -45, "axis": "x", "origin": [8, 4.725, 3.75]},
			"faces": {
				"north": {"uv": [0, 0, 1.7, 0.55], "texture": "#0"},
				"east": {"uv": [0, 0, 1.7, 0.55], "texture": "#0"},
				"south": {"uv": [0, 0, 1.7, 0.55], "texture": "#0"},
				"west": {"uv": [0, 0, 1.7, 0.55], "texture": "#0"},
				"up": {"uv": [0, 0, 1.7, 0.55], "texture": "#0"},
				"down": {"uv": [0, 0, 1.7, 0.55], "texture": "#0"}
			}
		},
		{
			"from": [7.9, 4.65, -0.1],
			"to": [8.1, 5.6, 0.4],
			"faces": {
				"north": {"uv": [0, 0, 10, 0.55], "texture": "#2"},
				"east": {"uv": [0, 0, 10, 0.55], "texture": "#2"},
				"south": {"uv": [0, 0, 10, 0.55], "texture": "#2"},
				"west": {"uv": [0, 0, 10, 0.55], "texture": "#2"},
				"up": {"uv": [0, 0, 10, 0.55], "texture": "#2"},
				"down": {"uv": [0, 0, 10, 0.55], "texture": "#2"}
			}
		},
		{
			"from": [7.39138, 4.67759, -0.00107],
			"to": [8.09138, 5.22759, 9.99893],
			"rotation": {"angle": 45, "axis": "z", "origin": [7.59138, 4.95259, 4.99893]},
			"faces": {
				"north": {"uv": [0, 0, 10, 0.55], "texture": "#0"},
				"east": {"uv": [0, 0, 10, 0.55], "texture": "#0"},
				"south": {"uv": [0, 0, 10, 0.55], "texture": "#0"},
				"west": {"uv": [0, 0, 10, 0.55], "texture": "#0"},
				"up": {"uv": [0, 0, 10, 0.55], "texture": "#0"},
				"down": {"uv": [0, 0, 10, 0.55], "texture": "#0"}
			}
		},
		{
			"from": [7.90958, 4.6764, 0.00012],
			"to": [8.60958, 5.2264, 10.00012],
			"rotation": {"angle": -45, "axis": "z", "origin": [8.40958, 4.9514, 5.00012]},
			"faces": {
				"north": {"uv": [0, 0, 10, 0.55], "texture": "#0"},
				"east": {"uv": [0, 0, 10, 0.55], "texture": "#0"},
				"south": {"uv": [0, 0, 10, 0.55], "texture": "#0"},
				"west": {"uv": [0, 0, 10, 0.55], "texture": "#0"},
				"up": {"uv": [0, 0, 10, 0.55], "texture": "#0"},
				"down": {"uv": [0, 0, 10, 0.55], "texture": "#0"}
			}
		},
		{
			"from": [7.25121, 3.36402, 7.99994],
			"to": [8.75, 5, 10],
			"faces": {
				"north": {"uv": [0, 0, 2, 1.6], "texture": "#0"},
				"east": {"uv": [0, 0, 2, 1.6], "texture": "#0"},
				"south": {"uv": [0, 0, 2, 1.6], "texture": "#0"},
				"west": {"uv": [0, 0, 2, 1.6], "texture": "#0"},
				"up": {"uv": [0, 0, 2, 1.6], "texture": "#0"},
				"down": {"uv": [0, 0, 2, 1.6], "texture": "#0"}
			}
		},
		{
			"from": [7.24798, 2.99122, 9.23075],
			"to": [8.74798, 3.89122, 10.23075],
			"rotation": {"angle": 45, "axis": "x", "origin": [7.99798, 2.89122, 10.23075]},
			"faces": {
				"north": {"uv": [0, 0, 0.9, 1], "texture": "#0", "rotation": 270},
				"east": {"uv": [0, 0, 0.9, 1], "texture": "#0", "rotation": 270},
				"south": {"uv": [0, 0, 0.9, 1], "texture": "#0", "rotation": 270},
				"west": {"uv": [0, 0, 0.9, 1], "texture": "#0", "rotation": 270},
				"up": {"uv": [0, 0, 0.9, 1], "texture": "#0", "rotation": 270},
				"down": {"uv": [0, 0, 0.9, 1], "texture": "#0", "rotation": 270}
			}
		},
		{
			"from": [7.25155, 2.74037, 10.25152],
			"to": [8.75155, 3.44037, 11.25152],
			"rotation": {"angle": 22.5, "axis": "x", "origin": [8.00155, 2.44037, 11.25152]},
			"faces": {
				"north": {"uv": [0, 0, 0.7, 1], "texture": "#0", "rotation": 270},
				"east": {"uv": [0, 0, 0.7, 1], "texture": "#0", "rotation": 270},
				"south": {"uv": [0, 0, 0.7, 1], "texture": "#0", "rotation": 270},
				"west": {"uv": [0, 0, 0.7, 1], "texture": "#0", "rotation": 270},
				"up": {"uv": [0, 0, 0.7, 1], "texture": "#0", "rotation": 270},
				"down": {"uv": [0, 0, 0.7, 1], "texture": "#0", "rotation": 270}
			}
		},
		{
			"from": [7.25115, 2.5, 8],
			"to": [8.75, 3.36402, 11.63483],
			"faces": {
				"north": {"uv": [0, 0, 3.63483, 0.86402], "texture": "#0"},
				"east": {"uv": [0, 0, 3.63483, 0.86402], "texture": "#0"},
				"south": {"uv": [0, 0, 3.63483, 0.86402], "texture": "#0"},
				"west": {"uv": [0, 0, 3.63483, 0.86402], "texture": "#0"},
				"up": {"uv": [0, 0, 3.63483, 0.86402], "texture": "#0"},
				"down": {"uv": [0, 0, 3.63483, 0.86402], "texture": "#0"}
			}
		},
		{
			"from": [7.50115, -0.95, 8.6],
			"to": [8.5, 1.91402, 10.23483],
			"rotation": {"angle": -22.5, "axis": "x", "origin": [8.00057, 0.73201, 9.41742]},
			"faces": {
				"north": {"uv": [0, 0, 1.63483, 2.86402], "texture": "#1"},
				"east": {"uv": [0, 0, 1.63483, 2.86402], "texture": "#1"},
				"south": {"uv": [0, 0, 1.63483, 2.86402], "texture": "#1"},
				"west": {"uv": [0, 0, 1.63483, 2.86402], "texture": "#1"},
				"up": {"uv": [0, 0, 1.63483, 2.86402], "texture": "#1"},
				"down": {"uv": [0, 0, 1.63483, 2.86402], "texture": "#1"}
			}
		},
		{
			"from": [7.50115, 1.9, 8.6],
			"to": [8.5, 3.61402, 11.23483],
			"rotation": {"angle": -22.5, "axis": "x", "origin": [8.00057, 0.73201, 9.41742]},
			"faces": {
				"north": {"uv": [0, 0, 2.63483, 1.71402], "texture": "#1"},
				"east": {"uv": [0, 0, 2.63483, 1.71402], "texture": "#1"},
				"south": {"uv": [0, 0, 2.63483, 1.71402], "texture": "#1"},
				"west": {"uv": [0, 0, 2.63483, 1.71402], "texture": "#1"},
				"up": {"uv": [0, 0, 2.63483, 1.71402], "texture": "#1"},
				"down": {"uv": [0, 0, 2.63483, 1.71402], "texture": "#1"}
			}
		},
		{
			"from": [7.50009, 2.6, 1],
			"to": [8.5, 3.05, 5.99991],
			"faces": {
				"north": {"uv": [0, 0, 4.99991, 0.45], "texture": "#2"},
				"east": {"uv": [0, 0, 4.99991, 0.45], "texture": "#2"},
				"south": {"uv": [0, 0, 4.99991, 0.45], "texture": "#2"},
				"west": {"uv": [0, 0, 4.99991, 0.45], "texture": "#2"},
				"up": {"uv": [0, 0, 4.99991, 0.45], "texture": "#2"},
				"down": {"uv": [0, 0, 4.99991, 0.45], "texture": "#2"}
			}
		},
		{
			"from": [7.75009, 1.6, 6],
			"to": [8.25, 3.05, 6.24991],
			"faces": {
				"north": {"uv": [0, 0, 0.24991, 1.45], "texture": "#1"},
				"east": {"uv": [0, 0, 0.24991, 1.45], "texture": "#1"},
				"south": {"uv": [0, 0, 0.24991, 1.45], "texture": "#1"},
				"west": {"uv": [0, 0, 0.24991, 1.45], "texture": "#1"},
				"up": {"uv": [0, 0, 0.24991, 1.45], "texture": "#1"},
				"down": {"uv": [0, 0, 0.24991, 1.45], "texture": "#1"}
			}
		},
		{
			"from": [7.75009, 1.6, 6.25],
			"to": [8.25, 1.8, 8.24991],
			"faces": {
				"north": {"uv": [0, 0, 1.99991, 0.2], "texture": "#1"},
				"east": {"uv": [0, 0, 1.99991, 0.2], "texture": "#1"},
				"south": {"uv": [0, 0, 1.99991, 0.2], "texture": "#1"},
				"west": {"uv": [0, 0, 1.99991, 0.2], "texture": "#1"},
				"up": {"uv": [0, 0, 1.99991, 0.2], "texture": "#1"},
				"down": {"uv": [0, 0, 1.99991, 0.2], "texture": "#1"}
			}
		},
		{
			"from": [7.75009, 2.20004, 6.89996],
			"to": [8.25, 3.19996, 7.09996],
			"rotation": {"angle": 22.5, "axis": "x", "origin": [8.00004, 2.7, 6.99996]},
			"faces": {
				"north": {"uv": [0, 0, 0.99991, 0.2], "texture": "#1", "rotation": 90},
				"east": {"uv": [0, 0, 0.99991, 0.2], "texture": "#1", "rotation": 90},
				"south": {"uv": [0, 0, 0.99991, 0.2], "texture": "#1", "rotation": 90},
				"west": {"uv": [0, 0, 0.99991, 0.2], "texture": "#1", "rotation": 90},
				"up": {"uv": [0, 0, 0.99991, 0.2], "texture": "#1", "rotation": 90},
				"down": {"uv": [0, 0, 0.99991, 0.2], "texture": "#1", "rotation": 90}
			}
		},
		{
			"name": "octagon",
			"from": [7.80584, 4.575, -0.275],
			"to": [8.19416, 4.73125, -0.025],
			"rotation": {"angle": 45, "axis": "z", "origin": [8, 4.2625, -0.65]},
			"faces": {
				"north": {"uv": [0, 0, 0.25, 0.15625], "texture": "#1", "rotation": 270},
				"east": {"uv": [0, 0, 0.25, 0.15625], "texture": "#1", "rotation": 270},
				"south": {"uv": [0, 0, 0.25, 0.15625], "texture": "#1", "rotation": 270},
				"west": {"uv": [0, 0, 0.25, 0.15625], "texture": "#1", "rotation": 270},
				"up": {"uv": [0, 0, 0.25, 0.15625], "texture": "#1", "rotation": 270},
				"down": {"uv": [0, 0, 0.25, 0.15625], "texture": "#1", "rotation": 270}
			}
		},
		{
			"name": "octagon",
			"from": [7.80584, 4.575, -0.275],
			"to": [8.19416, 4.73125, -0.025],
			"rotation": {"angle": 0, "axis": "z", "origin": [8, 4.2625, -0.65]},
			"faces": {
				"north": {"uv": [0, 0, 0.25, 0.15625], "texture": "#1", "rotation": 270},
				"east": {"uv": [0, 0, 0.25, 0.15625], "texture": "#1", "rotation": 270},
				"south": {"uv": [0, 0, 0.25, 0.15625], "texture": "#1", "rotation": 270},
				"west": {"uv": [0, 0, 0.25, 0.15625], "texture": "#1", "rotation": 270},
				"up": {"uv": [0, 0, 0.25, 0.15625], "texture": "#1", "rotation": 270},
				"down": {"uv": [0, 0, 0.25, 0.15625], "texture": "#1", "rotation": 270}
			}
		},
		{
			"name": "octagon",
			"from": [7.80584, 3.79375, -0.275],
			"to": [8.19416, 3.95, -0.025],
			"rotation": {"angle": 45, "axis": "z", "origin": [8, 4.2625, -0.65]},
			"faces": {
				"north": {"uv": [0, 0, 0.25, 0.15625], "texture": "#1", "rotation": 270},
				"east": {"uv": [0, 0, 0.25, 0.15625], "texture": "#1", "rotation": 270},
				"south": {"uv": [0, 0, 0.25, 0.15625], "texture": "#1", "rotation": 270},
				"west": {"uv": [0, 0, 0.25, 0.15625], "texture": "#1", "rotation": 270},
				"up": {"uv": [0, 0, 0.25, 0.15625], "texture": "#1", "rotation": 270},
				"down": {"uv": [0, 0, 0.25, 0.15625], "texture": "#1", "rotation": 270}
			}
		},
		{
			"name": "octagon",
			"from": [7.80584, 3.79375, -0.275],
			"to": [8.19416, 3.95, -0.025],
			"rotation": {"angle": 0, "axis": "z", "origin": [8, 4.2625, -0.65]},
			"faces": {
				"north": {"uv": [0, 0, 0.25, 0.15625], "texture": "#1", "rotation": 270},
				"east": {"uv": [0, 0, 0.25, 0.15625], "texture": "#1", "rotation": 270},
				"south": {"uv": [0, 0, 0.25, 0.15625], "texture": "#1", "rotation": 270},
				"west": {"uv": [0, 0, 0.25, 0.15625], "texture": "#1", "rotation": 270},
				"up": {"uv": [0, 0, 0.25, 0.15625], "texture": "#1", "rotation": 270},
				"down": {"uv": [0, 0, 0.25, 0.15625], "texture": "#1", "rotation": 270}
			}
		},
		{
			"name": "octagon",
			"from": [7.53125, 4.06834, -0.275],
			"to": [7.6875, 4.45666, -0.025],
			"rotation": {"angle": 45, "axis": "z", "origin": [8, 4.2625, -0.65]},
			"faces": {
				"north": {"uv": [0, 0, 0.25, 0.38833], "texture": "#1", "rotation": 270},
				"east": {"uv": [0, 0, 0.25, 0.38833], "texture": "#1", "rotation": 270},
				"south": {"uv": [0, 0, 0.25, 0.38833], "texture": "#1", "rotation": 270},
				"west": {"uv": [0, 0, 0.25, 0.38833], "texture": "#1", "rotation": 270},
				"up": {"uv": [0, 0, 0.25, 0.38833], "texture": "#1", "rotation": 270},
				"down": {"uv": [0, 0, 0.25, 0.38833], "texture": "#1", "rotation": 270}
			}
		},
		{
			"name": "octagon",
			"from": [7.53125, 4.06834, -0.275],
			"to": [7.6875, 4.45666, -0.025],
			"rotation": {"angle": 0, "axis": "z", "origin": [8, 4.2625, -0.65]},
			"faces": {
				"north": {"uv": [0, 0, 0.25, 0.38833], "texture": "#1", "rotation": 270},
				"east": {"uv": [0, 0, 0.25, 0.38833], "texture": "#1", "rotation": 270},
				"south": {"uv": [0, 0, 0.25, 0.38833], "texture": "#1", "rotation": 270},
				"west": {"uv": [0, 0, 0.25, 0.38833], "texture": "#1", "rotation": 270},
				"up": {"uv": [0, 0, 0.25, 0.38833], "texture": "#1", "rotation": 270},
				"down": {"uv": [0, 0, 0.25, 0.38833], "texture": "#1", "rotation": 270}
			}
		},
		{
			"name": "octagon",
			"from": [8.3125, 4.06834, -0.275],
			"to": [8.46875, 4.45666, -0.025],
			"rotation": {"angle": 45, "axis": "z", "origin": [8, 4.2625, -0.65]},
			"faces": {
				"north": {"uv": [0, 0, 0.25, 0.38833], "texture": "#1", "rotation": 270},
				"east": {"uv": [0, 0, 0.25, 0.38833], "texture": "#1", "rotation": 270},
				"south": {"uv": [0, 0, 0.25, 0.38833], "texture": "#1", "rotation": 270},
				"west": {"uv": [0, 0, 0.25, 0.38833], "texture": "#1", "rotation": 270},
				"up": {"uv": [0, 0, 0.25, 0.38833], "texture": "#1", "rotation": 270},
				"down": {"uv": [0, 0, 0.25, 0.38833], "texture": "#1", "rotation": 270}
			}
		},
		{
			"name": "octagon",
			"from": [8.3125, 4.06834, -0.275],
			"to": [8.46875, 4.45666, -0.025],
			"rotation": {"angle": 0, "axis": "z", "origin": [8, 4.2625, -0.65]},
			"faces": {
				"north": {"uv": [0, 0, 0.25, 0.38833], "texture": "#1", "rotation": 270},
				"east": {"uv": [0, 0, 0.25, 0.38833], "texture": "#1", "rotation": 270},
				"south": {"uv": [0, 0, 0.25, 0.38833], "texture": "#1", "rotation": 270},
				"west": {"uv": [0, 0, 0.25, 0.38833], "texture": "#1", "rotation": 270},
				"up": {"uv": [0, 0, 0.25, 0.38833], "texture": "#1", "rotation": 270},
				"down": {"uv": [0, 0, 0.25, 0.38833], "texture": "#1", "rotation": 270}
			}
		},
		{
			"name": "octagon",
			"from": [7.84467, 3.825, 10.1],
			"to": [8.15533, 4.575, 11.3],
			"rotation": {"angle": 45, "axis": "z", "origin": [8, 4.2, 10.6]},
			"faces": {
				"north": {"uv": [0, 0, 0.75, 1], "texture": "#2", "rotation": 270},
				"east": {"uv": [0, 0, 0.75, 1], "texture": "#2", "rotation": 270},
				"south": {"uv": [0, 0, 0.75, 1], "texture": "#2", "rotation": 270},
				"west": {"uv": [0, 0, 0.75, 1], "texture": "#2", "rotation": 270},
				"up": {"uv": [0, 0, 0.75, 1], "texture": "#2", "rotation": 270},
				"down": {"uv": [0, 0, 0.75, 1], "texture": "#2", "rotation": 270}
			}
		},
		{
			"name": "octagon",
			"from": [7.84467, 3.825, 10.1],
			"to": [8.15533, 4.575, 11.3],
			"rotation": {"angle": 0, "axis": "z", "origin": [8, 4.2, 10.6]},
			"faces": {
				"north": {"uv": [0, 0, 0.75, 1], "texture": "#2", "rotation": 270},
				"east": {"uv": [0, 0, 0.75, 1], "texture": "#2", "rotation": 270},
				"south": {"uv": [0, 0, 0.75, 1], "texture": "#2", "rotation": 270},
				"west": {"uv": [0, 0, 0.75, 1], "texture": "#2", "rotation": 270},
				"up": {"uv": [0, 0, 0.75, 1], "texture": "#2", "rotation": 270},
				"down": {"uv": [0, 0, 0.75, 1], "texture": "#2", "rotation": 270}
			}
		},
		{
			"name": "octagon",
			"from": [7.625, 4.04467, 10.1],
			"to": [8.375, 4.35533, 11.3],
			"rotation": {"angle": 45, "axis": "z", "origin": [8, 4.2, 10.6]},
			"faces": {
				"north": {"uv": [0, 0, 0.31066, 1], "texture": "#2", "rotation": 270},
				"east": {"uv": [0, 0, 0.31066, 1], "texture": "#2", "rotation": 270},
				"south": {"uv": [0, 0, 0.31066, 1], "texture": "#2", "rotation": 270},
				"west": {"uv": [0, 0, 0.31066, 1], "texture": "#2", "rotation": 270},
				"up": {"uv": [0, 0, 0.31066, 1], "texture": "#2", "rotation": 270},
				"down": {"uv": [0, 0, 0.31066, 1], "texture": "#2", "rotation": 270}
			}
		},
		{
			"name": "octagon",
			"from": [7.625, 4.04467, 10.1],
			"to": [8.375, 4.35533, 11.3],
			"rotation": {"angle": 0, "axis": "z", "origin": [8, 4.2, 10.6]},
			"faces": {
				"north": {"uv": [0, 0, 0.31066, 1], "texture": "#2", "rotation": 270},
				"east": {"uv": [0, 0, 0.31066, 1], "texture": "#2", "rotation": 270},
				"south": {"uv": [0, 0, 0.31066, 1], "texture": "#2", "rotation": 270},
				"west": {"uv": [0, 0, 0.31066, 1], "texture": "#2", "rotation": 270},
				"up": {"uv": [0, 0, 0.31066, 1], "texture": "#2", "rotation": 270},
				"down": {"uv": [0, 0, 0.31066, 1], "texture": "#2", "rotation": 270}
			}
		},
		{
			"name": "octagon",
			"from": [7.767, 3.6375, 11.3],
			"to": [8.233, 4.7625, 11.6],
			"rotation": {"angle": 45, "axis": "z", "origin": [8, 4.2, 10.55]},
			"faces": {
				"north": {"uv": [0, 0, 0.75, 1], "texture": "#0", "rotation": 270},
				"east": {"uv": [0, 0, 0.75, 1], "texture": "#0", "rotation": 270},
				"south": {"uv": [0, 0, 0.75, 1], "texture": "#0", "rotation": 270},
				"west": {"uv": [0, 0, 0.75, 1], "texture": "#0", "rotation": 270},
				"up": {"uv": [0, 0, 0.75, 1], "texture": "#0", "rotation": 270},
				"down": {"uv": [0, 0, 0.75, 1], "texture": "#0", "rotation": 270}
			}
		},
		{
			"name": "octagon",
			"from": [7.767, 3.6375, 11.3],
			"to": [8.233, 4.7625, 11.6],
			"rotation": {"angle": 0, "axis": "z", "origin": [8, 4.2, 10.55]},
			"faces": {
				"north": {"uv": [0, 0, 0.75, 1], "texture": "#0", "rotation": 270},
				"east": {"uv": [0, 0, 0.75, 1], "texture": "#0", "rotation": 270},
				"south": {"uv": [0, 0, 0.75, 1], "texture": "#0", "rotation": 270},
				"west": {"uv": [0, 0, 0.75, 1], "texture": "#0", "rotation": 270},
				"up": {"uv": [0, 0, 0.75, 1], "texture": "#0", "rotation": 270},
				"down": {"uv": [0, 0, 0.75, 1], "texture": "#0", "rotation": 270}
			}
		},
		{
			"name": "octagon",
			"from": [7.4375, 3.967, 11.3],
			"to": [8.5625, 4.433, 11.6],
			"rotation": {"angle": 45, "axis": "z", "origin": [8, 4.2, 10.55]},
			"faces": {
				"north": {"uv": [0, 0, 0.31066, 1], "texture": "#0", "rotation": 270},
				"east": {"uv": [0, 0, 0.31066, 1], "texture": "#0", "rotation": 270},
				"south": {"uv": [0, 0, 0.31066, 1], "texture": "#0", "rotation": 270},
				"west": {"uv": [0, 0, 0.31066, 1], "texture": "#0", "rotation": 270},
				"up": {"uv": [0, 0, 0.31066, 1], "texture": "#0", "rotation": 270},
				"down": {"uv": [0, 0, 0.31066, 1], "texture": "#0", "rotation": 270}
			}
		},
		{
			"name": "octagon",
			"from": [7.4375, 3.967, 11.3],
			"to": [8.5625, 4.433, 11.6],
			"rotation": {"angle": 0, "axis": "z", "origin": [8, 4.2, 10.55]},
			"faces": {
				"north": {"uv": [0, 0, 0.31066, 1], "texture": "#0", "rotation": 270},
				"east": {"uv": [0, 0, 0.31066, 1], "texture": "#0", "rotation": 270},
				"south": {"uv": [0, 0, 0.31066, 1], "texture": "#0", "rotation": 270},
				"west": {"uv": [0, 0, 0.31066, 1], "texture": "#0", "rotation": 270},
				"up": {"uv": [0, 0, 0.31066, 1], "texture": "#0", "rotation": 270},
				"down": {"uv": [0, 0, 0.31066, 1], "texture": "#0", "rotation": 270}
			}
		},
		{
			"from": [7.25, 4.45, 0.7],
			"to": [8.75, 5, 2.4],
			"rotation": {"angle": -45, "axis": "x", "origin": [8, 4.725, 2.5]},
			"faces": {
				"north": {"uv": [0, 0, 1.7, 0.55], "texture": "#0"},
				"east": {"uv": [0, 0, 1.7, 0.55], "texture": "#0"},
				"south": {"uv": [0, 0, 1.7, 0.55], "texture": "#0"},
				"west": {"uv": [0, 0, 1.7, 0.55], "texture": "#0"},
				"up": {"uv": [0, 0, 1.7, 0.55], "texture": "#0"},
				"down": {"uv": [0, 0, 1.7, 0.55], "texture": "#0"}
			}
		},
		{
			"from": [7.75, 4.95, 0],
			"to": [8.25, 5.5, 10],
			"faces": {
				"north": {"uv": [0, 0, 10, 0.55], "texture": "#0"},
				"east": {"uv": [0, 0, 10, 0.55], "texture": "#0"},
				"south": {"uv": [0, 0, 10, 0.55], "texture": "#0"},
				"west": {"uv": [0, 0, 10, 0.55], "texture": "#0"},
				"up": {"uv": [0, 0, 10, 0.55], "texture": "#0"},
				"down": {"uv": [0, 0, 10, 0.55], "texture": "#0"}
			}
		},
		{
			"from": [7.6, 4.65, 9.6],
			"to": [7.8, 5.6, 10.1],
			"faces": {
				"north": {"uv": [0, 0, 10, 0.55], "texture": "#2"},
				"east": {"uv": [0, 0, 10, 0.55], "texture": "#2"},
				"south": {"uv": [0, 0, 10, 0.55], "texture": "#2"},
				"west": {"uv": [0, 0, 10, 0.55], "texture": "#2"},
				"up": {"uv": [0, 0, 10, 0.55], "texture": "#2"},
				"down": {"uv": [0, 0, 10, 0.55], "texture": "#2"}
			}
		},
		{
			"from": [8.2, 4.65, 9.6],
			"to": [8.4, 5.6, 10.1],
			"faces": {
				"north": {"uv": [0, 0, 10, 0.55], "texture": "#2"},
				"east": {"uv": [0, 0, 10, 0.55], "texture": "#2"},
				"south": {"uv": [0, 0, 10, 0.55], "texture": "#2"},
				"west": {"uv": [0, 0, 10, 0.55], "texture": "#2"},
				"up": {"uv": [0, 0, 10, 0.55], "texture": "#2"},
				"down": {"uv": [0, 0, 10, 0.55], "texture": "#2"}
			}
		}
	],
	"display": {
		"thirdperson_righthand": {
			"scale": [0.8, 0.8, 0.8],
			"translation": [-6, 4.25, 1.25]
		},
		"thirdperson_lefthand": {
			"scale": [0.8, 0.8, 0.8],
			"translation": [-6, 4.25, 1.25]
		},
		"firstperson_righthand": {
			"translation": [0, 6, 0]
		},
		"firstperson_lefthand": {
			"translation": [0, 6, 0]
		},
		"head": {
			"rotation": [90, -164, 90],
			"translation": [4, -20, 4]
		},
		"ground": {
			"scale": [0.8, 0.8, 0.8],
			"translation": [0, 6, 2]
		},
		"fixed": {
			"rotation": [0, 90, 0],
			"translation": [1.5, 5, -1]
		},
		"gui": {
			"rotation": [19, 143, 0],
			"translation": [1.5, 5, 0]
		}
	},
	"groups": [0, 1, 2, 3, 4, 5, 6, 7, 8, 9, 10, 11, 12, 13, 14, 15, 16, 17, 18, 19, 20, 21,
		{
			"name": "octagon",
			"isOpen": true,
			"shade": true,
			"display": {
				"visibility": true,
				"autouv": true
			},
			"children": [22, 23, 24, 25, 26, 27, 28, 29]
		},
		{
			"name": "octagon",
			"isOpen": true,
			"shade": true,
			"display": {
				"visibility": true,
				"autouv": true
			},
			"children": [30, 31, 32, 33, 34, 35, 36, 37]
		}, 38, 39, 40, 41]
}