{
	"credit": "Made with Blockbench",
	"textures": {
		"0": "custom/black-metal",
		"1": "custom/brushed-metal",
		"2": "custom/red",
		"3": "custom/end",
		"5": "custom/anvil_top_damaged_0",
		"particle": "custom/black-metal"
	},
	"elements": [
		{
			"from": [6.75, 0, 2],
			"to": [9.25, 3, 5],
			"faces": {
				"north": {"uv": [0, 0, 13, 3], "texture": "#0"},
				"east": {"uv": [0, 0, 13, 3], "texture": "#0"},
				"south": {"uv": [0, 0, 13, 3], "texture": "#0"},
				"west": {"uv": [0, 0, 13, 3], "texture": "#0"},
				"up": {"uv": [0, 0, 13, 3], "texture": "#0"},
				"down": {"uv": [0, 0, 13, 3], "texture": "#0"}
			}
		},
		{
			"from": [7, 0, 15],
			"to": [9, 2, 30],
			"faces": {
				"north": {"uv": [0, 0, 15, 2], "texture": "#0"},
				"east": {"uv": [0, 0, 15, 2], "texture": "#0"},
				"south": {"uv": [0, 0, 15, 2], "texture": "#0"},
				"west": {"uv": [0, 0, 15, 2], "texture": "#0"},
				"up": {"uv": [0, 0, 15, 2], "texture": "#0"},
				"down": {"uv": [0, 0, 15, 2], "texture": "#0"}
			}
		},
		{
			"from": [7.25, -0.58449, 20.11626],
			"to": [8.75, 1.41551, 25.11626],
			"rotation": {"angle": -22.5, "axis": "x", "origin": [8, 0.41551, 23.61626]},
			"faces": {
				"north": {"uv": [14, 0, 15.5, 2], "texture": "#1"},
				"east": {"uv": [11, 0, 16, 2], "texture": "#1"},
				"south": {"uv": [14, 0, 15.5, 2], "texture": "#1"},
				"west": {"uv": [11, 0, 16, 2], "texture": "#1"},
				"up": {"uv": [14, 0, 15.5, 5], "texture": "#1"},
				"down": {"uv": [14, 0, 15.5, 5], "texture": "#1"}
			}
		},
		{
			"from": [7.25, -2.76777, 19.14645],
			"to": [8.75, -0.76777, 21.14645],
			"rotation": {"angle": -45, "axis": "x", "origin": [8, -1.76777, 19.64645]},
			"faces": {
				"north": {"uv": [14, 0, 15.5, 2], "texture": "#1"},
				"east": {"uv": [14, 0, 16, 2], "texture": "#1"},
				"south": {"uv": [14, 0, 15.5, 2], "texture": "#1"},
				"west": {"uv": [14, 0, 16, 2], "texture": "#1"},
				"up": {"uv": [14, 0, 15.5, 2], "texture": "#1"},
				"down": {"uv": [14, 0, 15.5, 2], "texture": "#1"}
			}
		},
		{
			"from": [7.25, -3.36569, 17.93564],
			"to": [8.75, -1.68272, 20.00549],
			"rotation": {"angle": 22.5, "axis": "x", "origin": [8, -3.18272, 18.93564]},
			"faces": {
				"north": {"uv": [14, 0, 15.5, 2], "texture": "#1", "rotation": 270},
				"east": {"uv": [14, 0, 16, 2], "texture": "#1", "rotation": 270},
				"south": {"uv": [14, 0, 15.5, 2], "texture": "#1", "rotation": 270},
				"west": {"uv": [14, 0, 16, 2], "texture": "#1", "rotation": 270},
				"up": {"uv": [14, 0, 15.5, 2], "texture": "#1", "rotation": 270},
				"down": {"uv": [14, 0, 15.5, 2], "texture": "#1", "rotation": 270}
			}
		},
		{
			"from": [7.25, -0.58449, 5.88374],
			"to": [8.75, 0.41551, 15.88374],
			"rotation": {"angle": 22.5, "axis": "x", "origin": [8, 0.41551, 7.38374]},
			"faces": {
				"north": {"uv": [12, 0, 15.5, 2], "texture": "#1"},
				"east": {"uv": [6, 0, 16, 1], "texture": "#1"},
				"south": {"uv": [12, 0, 15.5, 2], "texture": "#1"},
				"west": {"uv": [6, 0, 16, 1], "texture": "#1"},
				"up": {"uv": [14, 0, 15.5, 10], "texture": "#1"},
				"down": {"uv": [14, 0, 15.5, 10], "texture": "#1"}
			}
		},
		{
			"from": [7.25, -3.76118, 14.85403],
			"to": [8.75, -2.76118, 19.85403],
			"faces": {
				"north": {"uv": [11, 0, 16, 1], "texture": "#1"},
				"east": {"uv": [11, 0, 16, 1], "texture": "#1"},
				"south": {"uv": [11, 0, 16, 1], "texture": "#1"},
				"west": {"uv": [11, 0, 16, 1], "texture": "#1"},
				"up": {"uv": [11, 0, 16, 1], "texture": "#1"},
				"down": {"uv": [11, 0, 16, 1], "texture": "#1"}
			}
		},
		{
			"from": [7.5, -0.38449, 8.68374],
			"to": [8.5, 2.71551, 15.98374],
			"rotation": {"angle": 22.5, "axis": "x", "origin": [8, 0.61551, 9.48374]},
			"faces": {
				"north": {"uv": [0, 0, 7.3, 3.1], "texture": "#1"},
				"east": {"uv": [0, 12, 7.3, 15.1], "texture": "#1"},
				"south": {"uv": [0, 0, 7.3, 3.1], "texture": "#1"},
				"west": {"uv": [0, 0, 7.3, 3.1], "texture": "#1"},
				"up": {"uv": [0, 0, 7.3, 3.1], "texture": "#1"},
				"down": {"uv": [0, 0, 7.3, 3.1], "texture": "#1"}
			}
		},
		{
			"from": [7.75, -0.27253, 17.82507],
			"to": [8.25, 0.13425, 18.84742],
			"rotation": {"angle": -22.5, "axis": "x", "origin": [8, -0.81914, 17.98625]},
			"faces": {
				"north": {"uv": [0, 0, 0.5, 0.40678], "texture": "#1"},
				"east": {"uv": [0, 0, 1.02235, 0.40678], "texture": "#1"},
				"south": {"uv": [0, 0, 0.5, 0.40678], "texture": "#1"},
				"west": {"uv": [0, 0, 1.02235, 0.40678], "texture": "#1"},
				"up": {"uv": [0, 0, 0.5, 1.02235], "texture": "#1"},
				"down": {"uv": [0, 0, 0.5, 1.02235], "texture": "#1"}
			}
		},
		{
			"from": [7.75, -0.90923, 17.60363],
			"to": [8.25, -0.25246, 17.92597],
			"rotation": {"angle": 0, "axis": "x", "origin": [8, -1.20584, 17.7648]},
			"faces": {
				"north": {"uv": [0, 0, 0.5, 0.65678], "texture": "#1"},
				"east": {"uv": [0, 0, 0.32235, 0.65678], "texture": "#1"},
				"south": {"uv": [0, 0, 0.5, 0.65678], "texture": "#1"},
				"west": {"uv": [0, 0, 0.32235, 0.65678], "texture": "#1"},
				"up": {"uv": [0, 0, 0.5, 0.32235], "texture": "#1"},
				"down": {"uv": [0, 0, 0.5, 0.32235], "texture": "#1"}
			}
		},
		{
			"from": [7.75, -1.43176, 17.25105],
			"to": [8.25, -0.77498, 17.5734],
			"rotation": {"angle": 22.5, "axis": "x", "origin": [8, -1.72837, 17.41222]},
			"faces": {
				"north": {"uv": [0, 0, 0.5, 0.65678], "texture": "#1"},
				"east": {"uv": [0, 0, 0.32235, 0.65678], "texture": "#1"},
				"south": {"uv": [0, 0, 0.5, 0.65678], "texture": "#1"},
				"west": {"uv": [0, 0, 0.32235, 0.65678], "texture": "#1"},
				"up": {"uv": [0, 0, 0.5, 0.32235], "texture": "#1"},
				"down": {"uv": [0, 0, 0.5, 0.32235], "texture": "#1"}
			}
		},
		{
			"from": [7.75, -1.52959, 16.72535],
			"to": [8.25, -1.12281, 17.0477],
			"rotation": {"angle": 45, "axis": "x", "origin": [8, -2.0762, 16.88652]},
			"faces": {
				"north": {"uv": [0, 0, 0.5, 0.40678], "texture": "#1"},
				"east": {"uv": [0, 0, 0.32235, 0.40678], "texture": "#1"},
				"south": {"uv": [0, 0, 0.5, 0.40678], "texture": "#1"},
				"west": {"uv": [0, 0, 0.32235, 0.40678], "texture": "#1"},
				"up": {"uv": [0, 0, 0.5, 0.32235], "texture": "#1"},
				"down": {"uv": [0, 0, 0.5, 0.32235], "texture": "#1"}
			}
		},
		{
			"from": [7.5, -2.13729, 24.86626],
			"to": [8.75, -0.58449, 31.22951],
			"rotation": {"angle": 45, "axis": "x", "origin": [8, -1.58449, 28.36626]},
			"faces": {
				"north": {"uv": [5, 0, 11.36325, 1.5528], "texture": "#1"},
				"east": {"uv": [5, 0, 11.36325, 1.5528], "texture": "#1"},
				"south": {"uv": [5, 0, 11.36325, 1.5528], "texture": "#1"},
				"west": {"uv": [5, 0, 11.36325, 1.5528], "texture": "#1"},
				"up": {"uv": [5, 0, 11.36325, 1.5528], "texture": "#1"},
				"down": {"uv": [5, 0, 11.36325, 1.5528], "texture": "#1"}
			}
		},
		{
			"from": [7, -4, 30],
			"to": [9, 2, 32],
			"faces": {
				"north": {"uv": [0, 0, 2, 6], "texture": "#0"},
				"east": {"uv": [0, 0, 2, 6], "texture": "#0"},
				"south": {"uv": [0, 0, 2, 6], "texture": "#0"},
				"west": {"uv": [0, 0, 2, 6], "texture": "#0"},
				"up": {"uv": [0, 0, 2, 6], "texture": "#0"},
				"down": {"uv": [0, 0, 2, 6], "texture": "#0"}
			}
		},
		{
			"name": "octagon",
			"from": [7.767, 2.375, -0.375],
			"to": [8.233, 2.5625, 0],
			"rotation": {"angle": 45, "axis": "z", "origin": [8, 2, -0.75]},
			"faces": {
				"north": {"uv": [0, 0, 0.46599, 0.1875], "texture": "#1", "rotation": 180},
				"east": {"uv": [0, 0, 0.375, 0.1875], "texture": "#1", "rotation": 180},
				"south": {"uv": [0, 0, 0.46599, 0.1875], "texture": "#1", "rotation": 180},
				"west": {"uv": [0, 0, 0.375, 0.1875], "texture": "#1", "rotation": 180},
				"up": {"uv": [0, 0, 0.46599, 0.375], "texture": "#1", "rotation": 180},
				"down": {"uv": [0, 0, 0.46599, 0.375], "texture": "#1", "rotation": 180}
			}
		},
		{
			"name": "octagon",
			"from": [7.767, 2.375, -0.375],
			"to": [8.233, 2.5625, 0],
			"rotation": {"angle": 0, "axis": "z", "origin": [8, 2, -0.75]},
			"faces": {
				"north": {"uv": [0, 0, 0.46599, 0.1875], "texture": "#1", "rotation": 180},
				"east": {"uv": [0, 0, 0.375, 0.1875], "texture": "#1", "rotation": 180},
				"south": {"uv": [0, 0, 0.46599, 0.1875], "texture": "#1", "rotation": 180},
				"west": {"uv": [0, 0, 0.375, 0.1875], "texture": "#1", "rotation": 180},
				"up": {"uv": [0, 0, 0.46599, 0.375], "texture": "#1", "rotation": 180},
				"down": {"uv": [0, 0, 0.46599, 0.375], "texture": "#1", "rotation": 180}
			}
		},
		{
			"name": "octagon",
			"from": [7.767, 1.4375, -0.375],
			"to": [8.233, 1.625, 0],
			"rotation": {"angle": 45, "axis": "z", "origin": [8, 2, -0.75]},
			"faces": {
				"north": {"uv": [0, 0, 0.46599, 0.1875], "texture": "#1", "rotation": 180},
				"east": {"uv": [0, 0, 0.375, 0.1875], "texture": "#1", "rotation": 180},
				"south": {"uv": [0, 0, 0.46599, 0.1875], "texture": "#1", "rotation": 180},
				"west": {"uv": [0, 0, 0.375, 0.1875], "texture": "#1", "rotation": 180},
				"up": {"uv": [0, 0, 0.46599, 0.375], "texture": "#1", "rotation": 180},
				"down": {"uv": [0, 0, 0.46599, 0.375], "texture": "#1", "rotation": 180}
			}
		},
		{
			"name": "octagon",
			"from": [7.767, 1.4375, -0.375],
			"to": [8.233, 1.625, 0],
			"rotation": {"angle": 0, "axis": "z", "origin": [8, 2, -0.75]},
			"faces": {
				"north": {"uv": [0, 0, 0.46599, 0.1875], "texture": "#1", "rotation": 180},
				"east": {"uv": [0, 0, 0.375, 0.1875], "texture": "#1", "rotation": 180},
				"south": {"uv": [0, 0, 0.46599, 0.1875], "texture": "#1", "rotation": 180},
				"west": {"uv": [0, 0, 0.375, 0.1875], "texture": "#1", "rotation": 180},
				"up": {"uv": [0, 0, 0.46599, 0.375], "texture": "#1", "rotation": 180},
				"down": {"uv": [0, 0, 0.46599, 0.375], "texture": "#1", "rotation": 180}
			}
		},
		{
			"name": "octagon",
			"from": [7.4375, 1.767, -0.375],
			"to": [7.625, 2.233, 0],
			"rotation": {"angle": 45, "axis": "z", "origin": [8, 2, -0.75]},
			"faces": {
				"north": {"uv": [0, 0, 0.1875, 0.46599], "texture": "#1", "rotation": 180},
				"east": {"uv": [0, 0, 0.375, 0.46599], "texture": "#1", "rotation": 180},
				"south": {"uv": [0, 0, 0.1875, 0.46599], "texture": "#1", "rotation": 180},
				"west": {"uv": [0, 0, 0.375, 0.46599], "texture": "#1", "rotation": 180},
				"up": {"uv": [0, 0, 0.1875, 0.375], "texture": "#1", "rotation": 180},
				"down": {"uv": [0, 0, 0.1875, 0.375], "texture": "#1", "rotation": 180}
			}
		},
		{
			"name": "octagon",
			"from": [7.4375, 1.767, -0.375],
			"to": [7.625, 2.233, 0],
			"rotation": {"angle": 0, "axis": "z", "origin": [8, 2, -0.75]},
			"faces": {
				"north": {"uv": [0, 0, 0.1875, 0.46599], "texture": "#1", "rotation": 180},
				"east": {"uv": [0, 0, 0.375, 0.46599], "texture": "#1", "rotation": 180},
				"south": {"uv": [0, 0, 0.1875, 0.46599], "texture": "#1", "rotation": 180},
				"west": {"uv": [0, 0, 0.375, 0.46599], "texture": "#1", "rotation": 180},
				"up": {"uv": [0, 0, 0.1875, 0.375], "texture": "#1", "rotation": 180},
				"down": {"uv": [0, 0, 0.1875, 0.375], "texture": "#1", "rotation": 180}
			}
		},
		{
			"name": "octagon",
			"from": [8.375, 1.767, -0.375],
			"to": [8.5625, 2.233, 0],
			"rotation": {"angle": 45, "axis": "z", "origin": [8, 2, -0.75]},
			"faces": {
				"north": {"uv": [0, 0, 0.1875, 0.46599], "texture": "#1", "rotation": 180},
				"east": {"uv": [0, 0, 0.375, 0.46599], "texture": "#1", "rotation": 180},
				"south": {"uv": [0, 0, 0.1875, 0.46599], "texture": "#1", "rotation": 180},
				"west": {"uv": [0, 0, 0.375, 0.46599], "texture": "#1", "rotation": 180},
				"up": {"uv": [0, 0, 0.1875, 0.375], "texture": "#1", "rotation": 180},
				"down": {"uv": [0, 0, 0.1875, 0.375], "texture": "#1", "rotation": 180}
			}
		},
		{
			"name": "octagon",
			"from": [8.375, 1.767, -0.375],
			"to": [8.5625, 2.233, 0],
			"rotation": {"angle": 0, "axis": "z", "origin": [8, 2, -0.75]},
			"faces": {
				"north": {"uv": [0, 0, 0.1875, 0.46599], "texture": "#1", "rotation": 180},
				"east": {"uv": [0, 0, 0.375, 0.46599], "texture": "#1", "rotation": 180},
				"south": {"uv": [0, 0, 0.1875, 0.46599], "texture": "#1", "rotation": 180},
				"west": {"uv": [0, 0, 0.375, 0.46599], "texture": "#1", "rotation": 180},
				"up": {"uv": [0, 0, 0.1875, 0.375], "texture": "#1", "rotation": 180},
				"down": {"uv": [0, 0, 0.1875, 0.375], "texture": "#1", "rotation": 180}
			}
		},
		{
			"from": [7, 0.8, 0],
			"to": [9, 3, 2],
			"faces": {
				"north": {"uv": [0, 0, 2, 2.2], "texture": "#0"},
				"east": {"uv": [0, 0, 2, 2.2], "texture": "#0"},
				"south": {"uv": [0, 0, 2, 2.2], "texture": "#0"},
				"west": {"uv": [0, 0, 2, 2.2], "texture": "#0"},
				"up": {"uv": [0, 0, 2, 2], "texture": "#0"},
				"down": {"uv": [0, 0, 2, 2], "texture": "#0"}
			}
		},
		{
			"from": [7, 0.38268, 0.40656],
			"to": [9, 2.5412, 2.53701],
			"rotation": {"angle": 22.5, "axis": "x", "origin": [8, 1.5412, 1.30656]},
			"faces": {
				"north": {"uv": [0, 0, 2, 2.15851], "texture": "#0"},
				"east": {"uv": [0, 0, 2.13044, 2.15851], "texture": "#0"},
				"south": {"uv": [0, 0, 2, 2.15851], "texture": "#0"},
				"west": {"uv": [0, 0, 2.13044, 2.15851], "texture": "#0"},
				"up": {"uv": [0, 0, 2, 2.13044], "texture": "#0"},
				"down": {"uv": [0, 0, 2, 2.13044], "texture": "#0"}
			}
		},
		{
			"from": [7, 3.0482, 3.94014],
			"to": [9, 4.0482, 11.04014],
			"rotation": {"angle": -22.5, "axis": "x", "origin": [8.25, 3.0482, 6.54014]},
			"faces": {
				"north": {"uv": [4, 0, 6, 1], "texture": "#5"},
				"east": {"uv": [4, 0, 11.1, 1], "texture": "#5"},
				"south": {"uv": [4, 0, 6, 1], "texture": "#5"},
				"west": {"uv": [4, 0, 11.1, 1], "texture": "#5"},
				"up": {"uv": [4, 0, 6, 7.1], "texture": "#5"},
				"down": {"uv": [3, 0, 5, 7.1], "texture": "#5"}
			}
		},
		{
			"from": [7, 3, 10.31492],
			"to": [9, 5.69415, 10.75],
			"faces": {
				"north": {"uv": [5, 0, 7, 2.69375], "texture": "#5"},
				"east": {"uv": [3, 0, 4.43438, 2.69375], "texture": "#5"},
				"south": {"uv": [4, 0, 6, 2.69375], "texture": "#5"},
				"west": {"uv": [4, 0, 5.43438, 2.69375], "texture": "#5"},
				"up": {"uv": [6, 0, 8, 1.43438], "texture": "#5"},
				"down": {"uv": [3, 0, 5, 1.43438], "texture": "#5"}
			}
		},
		{
			"from": [7.1, 1.71666, 16.23334],
			"to": [8.9, 4.16081, 20.26842],
			"rotation": {"angle": 45, "axis": "x", "origin": [8, 2.43874, 17.92588]},
			"faces": {
				"north": {"uv": [5, 0, 6.8, 2.44375], "texture": "#5"},
				"east": {"uv": [5, 0, 9.03438, 2.44375], "texture": "#5"},
				"south": {"uv": [3, 0, 4.8, 2.44375], "texture": "#5"},
				"west": {"uv": [4, 0, 8.03438, 2.44375], "texture": "#5"},
				"up": {"uv": [3, 0, 4.8, 4.03438], "texture": "#5"},
				"down": {"uv": [3, 0, 4.8, 4.03438], "texture": "#5"}
			}
		},
		{
			"from": [7.1, 4.7, 17.81492],
			"to": [8.9, 5.69415, 18],
			"faces": {
				"north": {"uv": [4, 0, 6, 1], "texture": "#5"},
				"east": {"uv": [4, 0, 11.1, 1], "texture": "#5"},
				"south": {"uv": [4, 0, 6, 1], "texture": "#5"},
				"west": {"uv": [4, 0, 11.1, 1], "texture": "#5"},
				"up": {"uv": [4, 0, 6, 7.1], "texture": "#5"},
				"down": {"uv": [3, 0, 5, 7.1], "texture": "#5"}
			}
		},
		{
			"from": [7.25, 3.1, 10.76492],
			"to": [8.75, 5.44415, 17.8],
			"faces": {
				"north": {"uv": [4, 0, 11.1, 1], "texture": "#3"},
				"east": {"uv": [4, 0, 11.1, 1], "texture": "#3"},
				"south": {"uv": [4, 0, 11.1, 1], "texture": "#3"},
				"west": {"uv": [4, 0, 11.1, 1], "texture": "#3"},
				"up": {"uv": [4, 0, 11.1, 1], "texture": "#3"},
				"down": {"uv": [4, 0, 11.1, 1], "texture": "#3"}
			}
		},
		{
			"from": [6.75, 0, 12],
			"to": [9.25, 3, 15],
			"faces": {
				"north": {"uv": [0, 0, 13, 3], "texture": "#0"},
				"east": {"uv": [0, 0, 13, 3], "texture": "#0"},
				"south": {"uv": [0, 0, 13, 3], "texture": "#0"},
				"west": {"uv": [0, 0, 13, 3], "texture": "#0"},
				"up": {"uv": [0, 0, 13, 3], "texture": "#0"},
				"down": {"uv": [0, 0, 13, 3], "texture": "#0"}
			}
		},
		{
			"from": [6.75, 2, 5],
			"to": [9.25, 3, 12],
			"faces": {
				"north": {"uv": [0, 0, 13, 3], "texture": "#0"},
				"east": {"uv": [0, 0, 13, 3], "texture": "#0"},
				"south": {"uv": [0, 0, 13, 3], "texture": "#0"},
				"west": {"uv": [0, 0, 13, 3], "texture": "#0"},
				"up": {"uv": [0, 0, 13, 3], "texture": "#0"},
				"down": {"uv": [0, 0, 13, 3], "texture": "#0"}
			}
		},
		{
			"from": [6.75, 0, 5],
			"to": [9.25, 1, 12],
			"faces": {
				"north": {"uv": [0, 0, 13, 3], "texture": "#0"},
				"east": {"uv": [0, 0, 13, 3], "texture": "#0"},
				"south": {"uv": [0, 0, 13, 3], "texture": "#0"},
				"west": {"uv": [0, 0, 13, 3], "texture": "#0"},
				"up": {"uv": [0, 0, 13, 3], "texture": "#0"},
				"down": {"uv": [0, 0, 13, 3], "texture": "#0"}
			}
		},
		{
			"from": [6.75, 0, 7.65],
			"to": [9.25, 1, 10.5],
			"rotation": {"angle": -45, "axis": "x", "origin": [8, 0.5, 7.5]},
			"faces": {
				"north": {"uv": [0, 0, 13, 3], "texture": "#0"},
				"east": {"uv": [0, 0, 13, 3], "texture": "#0"},
				"south": {"uv": [0, 0, 13, 3], "texture": "#0"},
				"west": {"uv": [0, 0, 13, 3], "texture": "#0"},
				"up": {"uv": [0, 0, 13, 3], "texture": "#0"},
				"down": {"uv": [0, 0, 13, 3], "texture": "#0"}
			}
		},
		{
			"from": [6.75, 0, 5.45],
			"to": [9.25, 1, 8.3],
			"rotation": {"angle": -45, "axis": "x", "origin": [8, 0.5, 5.3]},
			"faces": {
				"north": {"uv": [0, 0, 13, 3], "texture": "#0"},
				"east": {"uv": [0, 0, 13, 3], "texture": "#0"},
				"south": {"uv": [0, 0, 13, 3], "texture": "#0"},
				"west": {"uv": [0, 0, 13, 3], "texture": "#0"},
				"up": {"uv": [0, 0, 13, 3], "texture": "#0"},
				"down": {"uv": [0, 0, 13, 3], "texture": "#0"}
			}
		},
		{
			"from": [6.75, 0, 9.85],
			"to": [9.25, 1, 12.7],
			"rotation": {"angle": -45, "axis": "x", "origin": [8, 0.5, 9.7]},
			"faces": {
				"north": {"uv": [0, 0, 13, 3], "texture": "#0"},
				"east": {"uv": [0, 0, 13, 3], "texture": "#0"},
				"south": {"uv": [0, 0, 13, 3], "texture": "#0"},
				"west": {"uv": [0, 0, 13, 3], "texture": "#0"},
				"up": {"uv": [0, 0, 13, 3], "texture": "#0"},
				"down": {"uv": [0, 0, 13, 3], "texture": "#0"}
			}
		},
		{
			"from": [7, 1, 4.9],
			"to": [9, 2, 12],
			"rotation": {"angle": 0, "axis": "x", "origin": [8, 1.5, 9]},
			"faces": {
				"north": {"uv": [0, 0, 13, 3], "texture": "#2"},
				"east": {"uv": [0, 0, 13, 3], "texture": "#2"},
				"south": {"uv": [0, 0, 13, 3], "texture": "#2"},
				"west": {"uv": [0, 0, 13, 3], "texture": "#2"},
				"up": {"uv": [0, 0, 13, 3], "texture": "#2"},
				"down": {"uv": [0, 0, 13, 3], "texture": "#2"}
			}
		},
		{
			"from": [7.90009, 5.39564, 10.41334],
			"to": [8.10009, 5.78979, 10.84842],
			"faces": {
				"north": {"uv": [6, 0, 8, 1.43438], "texture": "#2"},
				"east": {"uv": [6, 0, 8, 1.43438], "texture": "#2"},
				"south": {"uv": [6, 0, 8, 1.43438], "texture": "#2"},
				"west": {"uv": [6, 0, 8, 1.43438], "texture": "#2"},
				"up": {"uv": [6, 0, 8, 1.43438], "texture": "#2"},
				"down": {"uv": [6, 0, 8, 1.43438], "texture": "#2"}
			}
		},
		{
			"from": [7.70009, 4.69415, 17.86483],
			"to": [7.80009, 5.8883, 18.09991],
			"faces": {
				"north": {"uv": [6, 0, 8, 1.43438], "texture": "#2"},
				"east": {"uv": [6, 0, 8, 1.43438], "texture": "#2"},
				"south": {"uv": [6, 0, 8, 1.43438], "texture": "#2"},
				"west": {"uv": [6, 0, 8, 1.43438], "texture": "#2"},
				"up": {"uv": [6, 0, 8, 1.43438], "texture": "#2"},
				"down": {"uv": [6, 0, 8, 1.43438], "texture": "#2"}
			}
		},
		{
			"from": [8.30009, 4.69406, 17.86491],
			"to": [8.40009, 5.88821, 18.1],
			"faces": {
				"north": {"uv": [6, 0, 8, 1.43438], "texture": "#2"},
				"east": {"uv": [6, 0, 8, 1.43438], "texture": "#2"},
				"south": {"uv": [6, 0, 8, 1.43438], "texture": "#2"},
				"west": {"uv": [6, 0, 8, 1.43438], "texture": "#2"},
				"up": {"uv": [6, 0, 8, 1.43438], "texture": "#2"},
				"down": {"uv": [6, 0, 8, 1.43438], "texture": "#2"}
			}
		}
	],
	"display": {
		"thirdperson_righthand": {
			"scale": [0.75, 0.75, 0.75],
			"translation": [0, 6.5, -6.5]
		},
		"thirdperson_lefthand": {
			"scale": [0.75, 0.75, 0.75],
			"translation": [0, 6.5, -6.5]
		},
		"firstperson_righthand": {
			"translation": [-9, 10, 4.5],
			"scale": [0.8, 0.8, 0.5],
			"rotation": [0, -0.5, 0]
		},
		"firstperson_lefthand": {
			"scale": [0.8, 0.8, 0.5],
			"rotation": [0, 0.5, 0],
			"translation": [-9, 10, 4.8]
		},
		"head": {
			"rotation": [90, -146, 90],
			"translation": [9, -19, 4]
		},
		"ground": {
			"translation": [0, 11.5, -7]
		},
		"fixed": {
			"rotation": [0, 90, 0],
			"translation": [-8, 6.5, -1.5]
		},
		"gui": {
			"scale": [0.8, 0.8, 0.8],
			"rotation": [20, 151, 0],
			"translation": [-3, 3.5, 0]
		}
	},
	"groups": [0, 1, 2, 3, 4, 5, 6, 7, 8, 9, 10, 11, 12, 13,
		{
			"name": "octagon",
			"isOpen": true,
			"shade": true,
			"display": {
				"visibility": true,
				"autouv": true
			},
			"children": [14, 15, 16, 17, 18, 19, 20, 21]
		}, 22, 23, 24, 25, 26, 27, 28, 29, 30, 31, 32, 33, 34, 35, 36, 37, 38]
}