{
	"credit": "Made with Blockbench",
	"textures": {
		"0": "custom/black-metal",
		"1": "custom/green-canvas"
	},
	"elements": [
		{
			"from": [6.4, -1, -14],
			"to": [9.6, 5, 28],
			"faces": {
				"north": {"uv": [0, 0, 16, 6], "texture": "#1"},
				"east": {"uv": [0, 0, 16, 6], "texture": "#1"},
				"south": {"uv": [0, 0, 16, 6], "texture": "#1"},
				"west": {"uv": [0, 0, 16, 6], "texture": "#1"},
				"up": {"uv": [0, 0, 16, 6], "texture": "#1"},
				"down": {"uv": [0, 0, 16, 6], "texture": "#1"}
			}
		},
		{
			"from": [5, 0.4, -14],
			"to": [11, 3.6, 28],
			"rotation": {"angle": 0, "axis": "z", "origin": [8, 2, 8]},
			"faces": {
				"north": {"uv": [0, 0, 16, 3.2], "texture": "#1"},
				"east": {"uv": [0, 0, 16, 3.2], "texture": "#1"},
				"south": {"uv": [0, 0, 16, 3.2], "texture": "#1"},
				"west": {"uv": [0, 0, 16, 3.2], "texture": "#1"},
				"up": {"uv": [0, 0, 16, 3.2], "texture": "#1"},
				"down": {"uv": [0, 0, 16, 3.2], "texture": "#1"}
			}
		},
		{
			"from": [4.75, 1, -14],
			"to": [11.25, 3, 28],
			"rotation": {"angle": 45, "axis": "z", "origin": [8, 2, 8]},
			"faces": {
				"north": {"uv": [0, 0, 16, 2], "texture": "#1"},
				"east": {"uv": [0, 0, 16, 2], "texture": "#1"},
				"south": {"uv": [0, 0, 16, 2], "texture": "#1"},
				"west": {"uv": [0, 0, 16, 2], "texture": "#1"},
				"up": {"uv": [0, 0, 16, 2], "texture": "#1"},
				"down": {"uv": [0, 0, 16, 2], "texture": "#1"}
			}
		},
		{
			"from": [4.75, 1, -14],
			"to": [11.25, 3, 28],
			"rotation": {"angle": -45, "axis": "z", "origin": [8, 2, 8]},
			"faces": {
				"north": {"uv": [0, 0, 16, 2], "texture": "#1"},
				"east": {"uv": [0, 0, 16, 2], "texture": "#1"},
				"south": {"uv": [0, 0, 16, 2], "texture": "#1"},
				"west": {"uv": [0, 0, 16, 2], "texture": "#1"},
				"up": {"uv": [0, 0, 16, 2], "texture": "#1"},
				"down": {"uv": [0, 0, 16, 2], "texture": "#1"}
			}
		},
		{
			"from": [3.25, 0, -16],
			"to": [12.75, 4, -14],
			"rotation": {"angle": -45, "axis": "z", "origin": [8, 2, 8]},
			"faces": {
				"north": {"uv": [0, 0, 9.5, 4], "texture": "#0"},
				"east": {"uv": [0, 0, 9.5, 4], "texture": "#0"},
				"south": {"uv": [0, 0, 9.5, 4], "texture": "#0"},
				"west": {"uv": [0, 0, 9.5, 4], "texture": "#0"},
				"up": {"uv": [0, 0, 9.5, 4], "texture": "#0"},
				"down": {"uv": [0, 0, 9.5, 4], "texture": "#0"}
			}
		},
		{
			"from": [3.25, 0, -16],
			"to": [12.75, 4, -14],
			"rotation": {"angle": 45, "axis": "z", "origin": [8, 2, 8]},
			"faces": {
				"north": {"uv": [0, 0, 9.5, 4], "texture": "#0"},
				"east": {"uv": [0, 0, 9.5, 4], "texture": "#0"},
				"south": {"uv": [0, 0, 9.5, 4], "texture": "#0"},
				"west": {"uv": [0, 0, 9.5, 4], "texture": "#0"},
				"up": {"uv": [0, 0, 9.5, 4], "texture": "#0"},
				"down": {"uv": [0, 0, 9.5, 4], "texture": "#0"}
			}
		},
		{
			"from": [6.1, -2.75, -16],
			"to": [10, 6.75, -14],
			"faces": {
				"north": {"uv": [0, 0, 3.9, 9.5], "texture": "#0"},
				"east": {"uv": [0, 0, 3.9, 9.5], "texture": "#0"},
				"south": {"uv": [0, 0, 3.9, 9.5], "texture": "#0"},
				"west": {"uv": [0, 0, 3.9, 9.5], "texture": "#0"},
				"up": {"uv": [0, 0, 3.9, 9.5], "texture": "#0"},
				"down": {"uv": [0, 0, 3.9, 9.5], "texture": "#0"}
			}
		},
		{
			"from": [3.25, 0.1, -16],
			"to": [12.75, 4, -14],
			"rotation": {"angle": 0, "axis": "z", "origin": [8, 2, 8]},
			"faces": {
				"north": {"uv": [0, 0, 9.5, 3.9], "texture": "#0"},
				"east": {"uv": [0, 0, 9.5, 3.9], "texture": "#0"},
				"south": {"uv": [0, 0, 9.5, 3.9], "texture": "#0"},
				"west": {"uv": [0, 0, 9.5, 3.9], "texture": "#0"},
				"up": {"uv": [0, 0, 9.5, 3.9], "texture": "#0"},
				"down": {"uv": [0, 0, 9.5, 3.9], "texture": "#0"}
			}
		},
		{
			"from": [11, 0.4, 3],
			"to": [12, 3.6, 26],
			"rotation": {"angle": 0, "axis": "z", "origin": [14, 2, 3]},
			"faces": {
				"north": {"uv": [0, 0, 16, 3.2], "texture": "#1"},
				"east": {"uv": [0, 0, 16, 3.2], "texture": "#1"},
				"south": {"uv": [0, 0, 16, 3.2], "texture": "#1"},
				"west": {"uv": [0, 0, 16, 3.2], "texture": "#1"},
				"up": {"uv": [0, 0, 16, 3.2], "texture": "#1"},
				"down": {"uv": [0, 0, 16, 3.2], "texture": "#1"}
			}
		},
		{
			"from": [6.4, 5, -6],
			"to": [9.6, 6.5, 1],
			"faces": {
				"north": {"uv": [0, 0, 3.2, 7], "texture": "#0"},
				"east": {"uv": [0, 0, 3.2, 7], "texture": "#0"},
				"south": {"uv": [0, 0, 3.2, 7], "texture": "#0"},
				"west": {"uv": [0, 0, 3.2, 7], "texture": "#0"},
				"up": {"uv": [0, 0, 3.2, 7], "texture": "#0"},
				"down": {"uv": [0, 0, 3.2, 7], "texture": "#0"}
			}
		},
		{
			"from": [7.15, 5, -10],
			"to": [8.85, 6, -7],
			"faces": {
				"north": {"uv": [0, 0, 1.7, 3], "texture": "#0"},
				"east": {"uv": [0, 0, 1.7, 3], "texture": "#0"},
				"south": {"uv": [0, 0, 1.7, 3], "texture": "#0"},
				"west": {"uv": [0, 0, 1.7, 3], "texture": "#0"},
				"up": {"uv": [0, 0, 1.7, 3], "texture": "#0"},
				"down": {"uv": [0, 0, 1.7, 3], "texture": "#0"}
			}
		},
		{
			"from": [7.15, 5, -12],
			"to": [8.85, 7, -11],
			"faces": {
				"north": {"uv": [0, 0, 1.7, 1], "texture": "#0"},
				"east": {"uv": [0, 0, 1.7, 1], "texture": "#0"},
				"south": {"uv": [0, 0, 1.7, 1], "texture": "#0"},
				"west": {"uv": [0, 0, 1.7, 1], "texture": "#0"},
				"up": {"uv": [0, 0, 1.7, 1], "texture": "#0"},
				"down": {"uv": [0, 0, 1.7, 1], "texture": "#0"}
			}
		},
		{
			"from": [6.5, 5, -12],
			"to": [7.2, 6, -7],
			"faces": {
				"north": {"uv": [0, 0, 0.7, 5], "texture": "#0"},
				"east": {"uv": [0, 0, 0.7, 5], "texture": "#0"},
				"south": {"uv": [0, 0, 0.7, 5], "texture": "#0"},
				"west": {"uv": [0, 0, 0.7, 5], "texture": "#0"},
				"up": {"uv": [0, 0, 0.7, 5], "texture": "#0"},
				"down": {"uv": [0, 0, 0.7, 5], "texture": "#0"}
			}
		},
		{
			"from": [8.8, 5, -12],
			"to": [9.5, 6, -7],
			"faces": {
				"north": {"uv": [0, 0, 0.7, 5], "texture": "#0"},
				"east": {"uv": [0, 0, 0.7, 5], "texture": "#0"},
				"south": {"uv": [0, 0, 0.7, 5], "texture": "#0"},
				"west": {"uv": [0, 0, 0.7, 5], "texture": "#0"},
				"up": {"uv": [0, 0, 0.7, 5], "texture": "#0"},
				"down": {"uv": [0, 0, 0.7, 5], "texture": "#0"}
			}
		},
		{
			"from": [6.9, 5, 5.75],
			"to": [9.1, 6.5, 7],
			"faces": {
				"north": {"uv": [0, 0, 1.25, 1.5], "texture": "#0"},
				"east": {"uv": [0, 0, 1.25, 1.5], "texture": "#0"},
				"south": {"uv": [0, 0, 1.25, 1.5], "texture": "#0"},
				"west": {"uv": [0, 0, 1.25, 1.5], "texture": "#0"},
				"up": {"uv": [0, 0, 1.25, 1.5], "texture": "#0"},
				"down": {"uv": [0, 0, 1.25, 1.5], "texture": "#0"}
			}
		},
		{
			"from": [7.65, 6.5, 6.5],
			"to": [8.35, 7.5, 7],
			"faces": {
				"north": {"uv": [0, 0, 0.5, 1], "texture": "#0"},
				"east": {"uv": [0, 0, 0.5, 1], "texture": "#0"},
				"south": {"uv": [0, 0, 0.5, 1], "texture": "#0"},
				"west": {"uv": [0, 0, 0.5, 1], "texture": "#0"},
				"up": {"uv": [0, 0, 0.5, 1], "texture": "#0"},
				"down": {"uv": [0, 0, 0.5, 1], "texture": "#0"}
			}
		},
		{
			"from": [7.9, 7, -12],
			"to": [8.1, 8, -11],
			"faces": {
				"north": {"uv": [0, 0, 0.2, 1], "texture": "#0"},
				"east": {"uv": [0, 0, 0.2, 1], "texture": "#0"},
				"south": {"uv": [0, 0, 0.2, 1], "texture": "#0"},
				"west": {"uv": [0, 0, 0.2, 1], "texture": "#0"},
				"up": {"uv": [0, 0, 0.2, 1], "texture": "#0"},
				"down": {"uv": [0, 0, 0.2, 1], "texture": "#0"}
			}
		},
		{
			"from": [7.65, 7.5, 6.75],
			"to": [7.85, 8, 7],
			"faces": {
				"north": {"uv": [0, 0, 0.25, 0.5], "texture": "#0"},
				"east": {"uv": [0, 0, 0.25, 0.5], "texture": "#0"},
				"south": {"uv": [0, 0, 0.25, 0.5], "texture": "#0"},
				"west": {"uv": [0, 0, 0.25, 0.5], "texture": "#0"},
				"up": {"uv": [0, 0, 0.25, 0.5], "texture": "#0"},
				"down": {"uv": [0, 0, 0.25, 0.5], "texture": "#0"}
			}
		},
		{
			"from": [8.15, 7.5, 6.75],
			"to": [8.35, 8, 7],
			"faces": {
				"north": {"uv": [0, 0, 0.25, 0.5], "texture": "#0"},
				"east": {"uv": [0, 0, 0.25, 0.5], "texture": "#0"},
				"south": {"uv": [0, 0, 0.25, 0.5], "texture": "#0"},
				"west": {"uv": [0, 0, 0.25, 0.5], "texture": "#0"},
				"up": {"uv": [0, 0, 0.25, 0.5], "texture": "#0"},
				"down": {"uv": [0, 0, 0.25, 0.5], "texture": "#0"}
			}
		},
		{
			"from": [5.4, -1.25, -5.25],
			"to": [10.6, 0, -4],
			"faces": {
				"north": {"uv": [0, 0, 5.2, 1.25], "texture": "#0"},
				"east": {"uv": [0, 0, 5.2, 1.25], "texture": "#0"},
				"south": {"uv": [0, 0, 5.2, 1.25], "texture": "#0"},
				"west": {"uv": [0, 0, 5.2, 1.25], "texture": "#0"},
				"up": {"uv": [0, 0, 5.2, 1.25], "texture": "#0"},
				"down": {"uv": [0, 0, 5.2, 1.25], "texture": "#0"}
			}
		},
		{
			"from": [3.25, 0, 30],
			"to": [12.75, 4, 32],
			"rotation": {"angle": 45, "axis": "z", "origin": [8, 2, 54]},
			"faces": {
				"north": {"uv": [0, 0, 2, 4], "texture": "#0"},
				"east": {"uv": [0, 0, 2, 4], "texture": "#0"},
				"south": {"uv": [0, 0, 2, 4], "texture": "#0"},
				"west": {"uv": [0, 0, 2, 4], "texture": "#0"},
				"up": {"uv": [0, 0, 2, 4], "texture": "#0"},
				"down": {"uv": [0, 0, 2, 4], "texture": "#0"}
			}
		},
		{
			"from": [6.1, -2.75, 30],
			"to": [10, 6.75, 32],
			"faces": {
				"north": {"uv": [0, 0, 2, 9.5], "texture": "#0"},
				"east": {"uv": [0, 0, 2, 9.5], "texture": "#0"},
				"south": {"uv": [0, 0, 2, 9.5], "texture": "#0"},
				"west": {"uv": [0, 0, 2, 9.5], "texture": "#0"},
				"up": {"uv": [0, 0, 2, 9.5], "texture": "#0"},
				"down": {"uv": [0, 0, 2, 9.5], "texture": "#0"}
			}
		},
		{
			"from": [3.25, 0, 30],
			"to": [12.75, 4, 32],
			"rotation": {"angle": -45, "axis": "z", "origin": [8, 2, 54]},
			"faces": {
				"north": {"uv": [0, 0, 2, 4], "texture": "#0"},
				"east": {"uv": [0, 0, 2, 4], "texture": "#0"},
				"south": {"uv": [0, 0, 2, 4], "texture": "#0"},
				"west": {"uv": [0, 0, 2, 4], "texture": "#0"},
				"up": {"uv": [0, 0, 2, 4], "texture": "#0"},
				"down": {"uv": [0, 0, 2, 4], "texture": "#0"}
			}
		},
		{
			"from": [3.25, 0.1, 30],
			"to": [12.75, 4, 32],
			"rotation": {"angle": 0, "axis": "z", "origin": [8, 2, 54]},
			"faces": {
				"north": {"uv": [0, 0, 2, 3.9], "texture": "#0"},
				"east": {"uv": [0, 0, 2, 3.9], "texture": "#0"},
				"south": {"uv": [0, 0, 2, 3.9], "texture": "#0"},
				"west": {"uv": [0, 0, 2, 3.9], "texture": "#0"},
				"up": {"uv": [0, 0, 2, 3.9], "texture": "#0"},
				"down": {"uv": [0, 0, 2, 3.9], "texture": "#0"}
			}
		},
		{
			"from": [4, 0, 28],
			"to": [12, 4, 30],
			"rotation": {"angle": 45, "axis": "z", "origin": [8, 2, 52]},
			"faces": {
				"north": {"uv": [0, 0, 2, 4], "texture": "#0"},
				"east": {"uv": [0, 0, 2, 4], "texture": "#0"},
				"south": {"uv": [0, 0, 2, 4], "texture": "#0"},
				"west": {"uv": [0, 0, 2, 4], "texture": "#0"},
				"up": {"uv": [0, 0, 2, 4], "texture": "#0"},
				"down": {"uv": [0, 0, 2, 4], "texture": "#0"}
			}
		},
		{
			"from": [4, 0, 28],
			"to": [12, 4, 30],
			"rotation": {"angle": -45, "axis": "z", "origin": [8, 2, 52]},
			"faces": {
				"north": {"uv": [0, 0, 2, 4], "texture": "#0"},
				"east": {"uv": [0, 0, 2, 4], "texture": "#0"},
				"south": {"uv": [0, 0, 2, 4], "texture": "#0"},
				"west": {"uv": [0, 0, 2, 4], "texture": "#0"},
				"up": {"uv": [0, 0, 2, 4], "texture": "#0"},
				"down": {"uv": [0, 0, 2, 4], "texture": "#0"}
			}
		},
		{
			"from": [8.65, 0.1, 23.75],
			"to": [11.35, 3.9, 31],
			"rotation": {"angle": 22.5, "axis": "y", "origin": [10, 2, 27.375]},
			"faces": {
				"north": {"uv": [0, 0, 7.25, 3.8], "texture": "#0"},
				"east": {"uv": [0, 0, 7.25, 3.8], "texture": "#0"},
				"south": {"uv": [0, 0, 7.25, 3.8], "texture": "#0"},
				"west": {"uv": [0, 0, 7.25, 3.8], "texture": "#0"},
				"up": {"uv": [0, 0, 7.25, 3.8], "texture": "#0"},
				"down": {"uv": [0, 0, 7.25, 3.8], "texture": "#0"}
			}
		},
		{
			"from": [4.65, 0.1, 23.75],
			"to": [7.35, 3.9, 31],
			"rotation": {"angle": -22.5, "axis": "y", "origin": [6, 2, 27.375]},
			"faces": {
				"north": {"uv": [0, 0, 7.25, 3.8], "texture": "#0"},
				"east": {"uv": [0, 0, 7.25, 3.8], "texture": "#0"},
				"south": {"uv": [0, 0, 7.25, 3.8], "texture": "#0"},
				"west": {"uv": [0, 0, 7.25, 3.8], "texture": "#0"},
				"up": {"uv": [0, 0, 7.25, 3.8], "texture": "#0"},
				"down": {"uv": [0, 0, 7.25, 3.8], "texture": "#0"}
			}
		},
		{
			"from": [6.65, 1.6, 23.75],
			"to": [9.35, 5.4, 31],
			"rotation": {"angle": -22.5, "axis": "x", "origin": [8, 3.5, 27.375]},
			"faces": {
				"north": {"uv": [0, 0, 7.25, 3.8], "texture": "#0"},
				"east": {"uv": [0, 0, 7.25, 3.8], "texture": "#0"},
				"south": {"uv": [0, 0, 7.25, 3.8], "texture": "#0"},
				"west": {"uv": [0, 0, 7.25, 3.8], "texture": "#0"},
				"up": {"uv": [0, 0, 7.25, 3.8], "texture": "#0"},
				"down": {"uv": [0, 0, 7.25, 3.8], "texture": "#0"}
			}
		},
		{
			"from": [6.65, -1.4, 23.75],
			"to": [9.35, 2.4, 31],
			"rotation": {"angle": 22.5, "axis": "x", "origin": [8, 0.5, 27.375]},
			"faces": {
				"north": {"uv": [0, 0, 7.25, 3.8], "texture": "#0"},
				"east": {"uv": [0, 0, 7.25, 3.8], "texture": "#0"},
				"south": {"uv": [0, 0, 7.25, 3.8], "texture": "#0"},
				"west": {"uv": [0, 0, 7.25, 3.8], "texture": "#0"},
				"up": {"uv": [0, 0, 7.25, 3.8], "texture": "#0"},
				"down": {"uv": [0, 0, 7.25, 3.8], "texture": "#0"}
			}
		}
	],
	"display": {
		"thirdperson_righthand": {
			"scale": [0.625, 0.625, 0.625],
			"translation": [-6, 5, 6.5]
		},
		"thirdperson_lefthand": {
			"scale": [0.625, 0.625, 0.625],
			"translation": [-6, 5, 6.5]
		},
		"firstperson_righthand": {
			"translation": [7, 2, -1.5],
			"rotation": [0, 6, 0]
		},
		"firstperson_lefthand": {
			"rotation": [0, 6, 0],
			"translation": [7, 2, -1.5]
		},
		"fixed": {
			"rotation": [0, 90, 0],
			"translation": [0, 5, -2.5]
		},
		"ground": {
			"scale": [0.5, 0.5, 0.5],
			"translation": [0, 5.5, 0]
		},
		"gui": {
			"scale": [0.3, 0.3, 0.3],
			"rotation": [42, 132, 0],
			"translation": [0, 1.5, 0]
		}
	}
}