{
	"credit": "Made with Blockbench",
	"parent": "item/guns/sniper_rifles/rpr/unscoped",
	"display": {
		"thirdperson_righthand": {
			"scale": [0.75, 0.5, 0.5],
			"rotation": [0, -90, 0],
			"translation": [0, 6, -4.5]
		},
		"thirdperson_lefthand": {
			"scale": [0.75, 0.5, 0.5],
			"rotation": [0, 90, 0],
			"translation": [0, 6, -4.5]
		},
		"firstperson_righthand": {
			"scale": [0.1, 1, 1],
			"rotation": [-1, -90, 0],
			"translation": [-8.965, 11.17, 9.5]
		},
		"firstperson_lefthand": {
			"scale": [0.1, 1, 1],
			"rotation": [-1, 90, 0],
			"translation": [-9, 11.17, 9.8]
		},
		"ground": {
			"scale": [0.6, 0.4, 0.4],
			"translation": [0, 6.5, 0]
		},
		"gui": {
			"scale": [0.51, 0.34, 0.34],
			"translation": [0, 3.5, 0],
			"rotation": [12, -121, 0]
		},
		"fixed": {
			"scale": [0.75, 0.5, 0.5],
			"translation": [-1, 5, -1.5]
		}
	}
}