{
	"credit": "Made with Blockbench",
	"textures": {
		"1": "custom/brushed-metal",
		"2": "custom/silver-gradient",
		"3": "custom/black-metal"
	},
	"elements": [
		{
			"name": "octagon",
			"from": [8.175, 1.70503, 0.4375],
			"to": [8.35, 1.99497, 7.0625],
			"rotation": {"angle": 45, "axis": "z", "origin": [8, 1.85, 0.5]},
			"faces": {
				"north": {"uv": [0, 0, 7.125, 0.20711], "texture": "#3", "rotation": 90},
				"east": {"uv": [0, 0, 7.125, 0.20711], "texture": "#3", "rotation": 90},
				"south": {"uv": [0, 0, 7.125, 0.20711], "texture": "#3", "rotation": 90},
				"west": {"uv": [0, 0, 7.125, 0.20711], "texture": "#3", "rotation": 90},
				"up": {"uv": [0, 0, 7.125, 0.20711], "texture": "#3", "rotation": 90},
				"down": {"uv": [0, 0, 7.125, 0.20711], "texture": "#3", "rotation": 90}
			}
		},
		{
			"name": "octagon",
			"from": [8.175, 1.70503, 0.4375],
			"to": [8.35, 1.99497, 7.0625],
			"rotation": {"angle": 0, "axis": "z", "origin": [8, 1.85, 0.5]},
			"faces": {
				"north": {"uv": [0, 0, 7.125, 0.20711], "texture": "#3", "rotation": 90},
				"east": {"uv": [0, 0, 7.125, 0.20711], "texture": "#3", "rotation": 90},
				"south": {"uv": [0, 0, 7.125, 0.20711], "texture": "#3", "rotation": 90},
				"west": {"uv": [0, 0, 7.125, 0.20711], "texture": "#3", "rotation": 90},
				"up": {"uv": [0, 0, 7.125, 0.20711], "texture": "#3", "rotation": 90},
				"down": {"uv": [0, 0, 7.125, 0.20711], "texture": "#3", "rotation": 90}
			}
		},
		{
			"name": "octagon",
			"from": [7.65, 1.70503, 0.4375],
			"to": [7.825, 1.99497, 7.0625],
			"rotation": {"angle": 45, "axis": "z", "origin": [8, 1.85, 0.5]},
			"faces": {
				"north": {"uv": [0, 0, 7.125, 0.20711], "texture": "#3", "rotation": 90},
				"east": {"uv": [0, 0, 7.125, 0.20711], "texture": "#3", "rotation": 90},
				"south": {"uv": [0, 0, 7.125, 0.20711], "texture": "#3", "rotation": 90},
				"west": {"uv": [0, 0, 7.125, 0.20711], "texture": "#3", "rotation": 90},
				"up": {"uv": [0, 0, 7.125, 0.20711], "texture": "#3", "rotation": 90},
				"down": {"uv": [0, 0, 7.125, 0.20711], "texture": "#3", "rotation": 90}
			}
		},
		{
			"name": "octagon",
			"from": [7.65, 1.70503, 0.4375],
			"to": [7.825, 1.99497, 7.0625],
			"rotation": {"angle": 0, "axis": "z", "origin": [8, 1.85, 0.5]},
			"faces": {
				"north": {"uv": [0, 0, 7.125, 0.20711], "texture": "#3", "rotation": 90},
				"east": {"uv": [0, 0, 7.125, 0.20711], "texture": "#3", "rotation": 90},
				"south": {"uv": [0, 0, 7.125, 0.20711], "texture": "#3", "rotation": 90},
				"west": {"uv": [0, 0, 7.125, 0.20711], "texture": "#3", "rotation": 90},
				"up": {"uv": [0, 0, 7.125, 0.20711], "texture": "#3", "rotation": 90},
				"down": {"uv": [0, 0, 7.125, 0.20711], "texture": "#3", "rotation": 90}
			}
		},
		{
			"name": "octagon",
			"from": [7.85503, 2.025, 0.4375],
			"to": [8.14497, 2.2, 7.0625],
			"rotation": {"angle": 45, "axis": "z", "origin": [8, 1.85, 0.5]},
			"faces": {
				"north": {"uv": [0, 0, 7.125, 0.125], "texture": "#3", "rotation": 90},
				"east": {"uv": [0, 0, 7.125, 0.125], "texture": "#3", "rotation": 90},
				"south": {"uv": [0, 0, 7.125, 0.125], "texture": "#3", "rotation": 90},
				"west": {"uv": [0, 0, 7.125, 0.125], "texture": "#3", "rotation": 90},
				"up": {"uv": [0, 0, 7.125, 0.125], "texture": "#3", "rotation": 90},
				"down": {"uv": [0, 0, 7.125, 0.125], "texture": "#3", "rotation": 90}
			}
		},
		{
			"name": "octagon",
			"from": [7.85503, 2.025, 0.4375],
			"to": [8.14497, 2.34, 7.0625],
			"rotation": {"angle": 0, "axis": "z", "origin": [8, 1.85, 0.5]},
			"faces": {
				"north": {"uv": [0, 0, 7.125, 0.225], "texture": "#3", "rotation": 90},
				"east": {"uv": [0, 0, 7.125, 0.225], "texture": "#3", "rotation": 90},
				"south": {"uv": [0, 0, 7.125, 0.225], "texture": "#3", "rotation": 90},
				"west": {"uv": [0, 0, 7.125, 0.225], "texture": "#3", "rotation": 90},
				"up": {"uv": [0, 0, 7.125, 0.225], "texture": "#3", "rotation": 90},
				"down": {"uv": [0, 0, 7.125, 0.225], "texture": "#3", "rotation": 90}
			}
		},
		{
			"name": "octagon",
			"from": [7.85503, 1.5, 0.4375],
			"to": [8.14497, 1.675, 7.0625],
			"rotation": {"angle": 45, "axis": "z", "origin": [8, 1.85, 0.5]},
			"faces": {
				"north": {"uv": [0, 0, 7.125, 0.125], "texture": "#3", "rotation": 90},
				"east": {"uv": [0, 0, 7.125, 0.125], "texture": "#3", "rotation": 90},
				"south": {"uv": [0, 0, 7.125, 0.125], "texture": "#3", "rotation": 90},
				"west": {"uv": [0, 0, 7.125, 0.125], "texture": "#3", "rotation": 90},
				"up": {"uv": [0, 0, 7.125, 0.125], "texture": "#3", "rotation": 90},
				"down": {"uv": [0, 0, 7.125, 0.125], "texture": "#3", "rotation": 90}
			}
		},
		{
			"name": "octagon",
			"from": [7.85503, 1.5, 0.4375],
			"to": [8.14497, 1.675, 7.0625],
			"rotation": {"angle": 0, "axis": "z", "origin": [8, 1.85, 0.5]},
			"faces": {
				"north": {"uv": [0, 0, 7.125, 0.125], "texture": "#3", "rotation": 90},
				"east": {"uv": [0, 0, 7.125, 0.125], "texture": "#3", "rotation": 90},
				"south": {"uv": [0, 0, 7.125, 0.125], "texture": "#3", "rotation": 90},
				"west": {"uv": [0, 0, 7.125, 0.125], "texture": "#3", "rotation": 90},
				"up": {"uv": [0, 0, 7.125, 0.125], "texture": "#3", "rotation": 90},
				"down": {"uv": [0, 0, 7.125, 0.125], "texture": "#3", "rotation": 90}
			}
		},
		{
			"name": "octagon",
			"from": [7.9464, 2.025, 0.4375],
			"to": [8.0535, 2.45, 1.3375],
			"rotation": {"angle": 22.5, "axis": "x", "origin": [8, 2.1, 1.1]},
			"faces": {
				"north": {"uv": [0, 0, 0.425, 0.1071], "texture": "#3", "rotation": 90},
				"east": {"uv": [0, 0, 0.425, 0.9], "texture": "#3", "rotation": 90},
				"south": {"uv": [0, 0, 0.425, 0.1071], "texture": "#3", "rotation": 90},
				"west": {"uv": [0, 0, 0.425, 0.9], "texture": "#3", "rotation": 90},
				"up": {"uv": [0, 0, 0.9, 0.1071], "texture": "#3", "rotation": 90},
				"down": {"uv": [0, 0, 0.9, 0.1071], "texture": "#3", "rotation": 90}
			}
		},
		{
			"name": "octagon",
			"from": [7.68934, 0.75, 7],
			"to": [8.31066, 2.25, 9],
			"rotation": {"angle": 45, "axis": "z", "origin": [8, 1.5, 8]},
			"faces": {
				"north": {"uv": [1, 12, 2.5, 14], "texture": "#1", "rotation": 90},
				"east": {"uv": [1, 12, 2.5, 14], "texture": "#1", "rotation": 90},
				"south": {"uv": [1, 12, 2.5, 14], "texture": "#1", "rotation": 90},
				"west": {"uv": [1, 12, 2.5, 14], "texture": "#1", "rotation": 90},
				"up": {"uv": [1, 12, 2.5, 14], "texture": "#1", "rotation": 90},
				"down": {"uv": [1, 12, 2.5, 14], "texture": "#1", "rotation": 90}
			}
		},
		{
			"name": "octagon",
			"from": [7.68934, 0.75, 7],
			"to": [8.31066, 2.25, 9],
			"rotation": {"angle": 0, "axis": "z", "origin": [8, 1.5, 8]},
			"faces": {
				"north": {"uv": [1, 12, 2.5, 14], "texture": "#1", "rotation": 90},
				"east": {"uv": [1, 12, 2.5, 14], "texture": "#1", "rotation": 90},
				"south": {"uv": [1, 12, 2.5, 14], "texture": "#1", "rotation": 90},
				"west": {"uv": [1, 12, 2.5, 14], "texture": "#1", "rotation": 90},
				"up": {"uv": [1, 12, 2.5, 14], "texture": "#1", "rotation": 90},
				"down": {"uv": [1, 12, 2.5, 14], "texture": "#1", "rotation": 90}
			}
		},
		{
			"name": "octagon",
			"from": [7.25, 1.18934, 7],
			"to": [8.75, 1.81066, 9],
			"rotation": {"angle": 45, "axis": "z", "origin": [8, 1.5, 8]},
			"faces": {
				"north": {"uv": [1, 12, 2.5, 14], "texture": "#1", "rotation": 90},
				"east": {"uv": [1, 12, 2.5, 14], "texture": "#1", "rotation": 90},
				"south": {"uv": [1, 12, 2.5, 14], "texture": "#1", "rotation": 90},
				"west": {"uv": [1, 12, 2.5, 14], "texture": "#1", "rotation": 90},
				"up": {"uv": [1, 12, 2.5, 14], "texture": "#1", "rotation": 90},
				"down": {"uv": [1, 12, 2.5, 14], "texture": "#1", "rotation": 90}
			}
		},
		{
			"name": "octagon",
			"from": [7.25, 1.18934, 7],
			"to": [8.75, 1.81066, 9],
			"rotation": {"angle": 0, "axis": "z", "origin": [8, 1.5, 8]},
			"faces": {
				"north": {"uv": [1, 12, 2.5, 14], "texture": "#1", "rotation": 90},
				"east": {"uv": [1, 12, 2.5, 14], "texture": "#1", "rotation": 90},
				"south": {"uv": [1, 12, 2.5, 14], "texture": "#1", "rotation": 90},
				"west": {"uv": [1, 12, 2.5, 14], "texture": "#1", "rotation": 90},
				"up": {"uv": [1, 12, 2.5, 14], "texture": "#1", "rotation": 90},
				"down": {"uv": [1, 12, 2.5, 14], "texture": "#1", "rotation": 90}
			}
		},
		{
			"name": "octagon",
			"from": [7.79645, 1.1, 5.1375],
			"to": [8.20355, 1.875, 6.7625],
			"rotation": {"angle": 0, "axis": "z", "origin": [8, 1.9, 0]},
			"faces": {
				"north": {"uv": [0, 0, 0.775, 1.625], "texture": "#3", "rotation": 90},
				"east": {"uv": [0, 0, 0.775, 1.625], "texture": "#3", "rotation": 90},
				"south": {"uv": [0, 0, 0.775, 1.625], "texture": "#3", "rotation": 90},
				"west": {"uv": [0, 0, 0.775, 1.625], "texture": "#3", "rotation": 90},
				"up": {"uv": [0, 0, 0.775, 1.625], "texture": "#3", "rotation": 90},
				"down": {"uv": [0, 0, 0.775, 1.625], "texture": "#3", "rotation": 90}
			}
		},
		{
			"name": "octagon",
			"from": [7.69645, 0.5, 6.7375],
			"to": [8.30355, 1.025, 7.0625],
			"rotation": {"angle": 0, "axis": "z", "origin": [8, 0.9, 1]},
			"faces": {
				"north": {"uv": [0, 0, 0.525, 0.325], "texture": "#3", "rotation": 90},
				"east": {"uv": [0, 0, 0.525, 0.325], "texture": "#3", "rotation": 90},
				"south": {"uv": [0, 0, 0.525, 0.325], "texture": "#3", "rotation": 90},
				"west": {"uv": [0, 0, 0.525, 0.325], "texture": "#3", "rotation": 90},
				"up": {"uv": [0, 0, 0.525, 0.325], "texture": "#3", "rotation": 90},
				"down": {"uv": [0, 0, 0.525, 0.325], "texture": "#3", "rotation": 90}
			}
		},
		{
			"name": "octagon",
			"from": [7.54645, 1, 6.7375],
			"to": [8.45355, 2.275, 7.0625],
			"rotation": {"angle": 0, "axis": "z", "origin": [8, 1.9, 1]},
			"faces": {
				"north": {"uv": [0, 0, 1.275, 0.325], "texture": "#3", "rotation": 90},
				"east": {"uv": [0, 0, 1.275, 0.325], "texture": "#3", "rotation": 90},
				"south": {"uv": [0, 0, 1.275, 0.325], "texture": "#3", "rotation": 90},
				"west": {"uv": [0, 0, 1.275, 0.325], "texture": "#3", "rotation": 90},
				"up": {"uv": [0, 0, 1.275, 0.325], "texture": "#3", "rotation": 90},
				"down": {"uv": [0, 0, 1.275, 0.325], "texture": "#3", "rotation": 90}
			}
		},
		{
			"name": "octagon",
			"from": [7.69645, 0.5, 6.9875],
			"to": [8.30355, 0.775, 9.0625],
			"rotation": {"angle": 0, "axis": "z", "origin": [8, 0.9, 1]},
			"faces": {
				"north": {"uv": [0, 0, 0.275, 2.075], "texture": "#3", "rotation": 90},
				"east": {"uv": [0, 0, 0.275, 2.075], "texture": "#3", "rotation": 90},
				"south": {"uv": [0, 0, 0.275, 2.075], "texture": "#3", "rotation": 90},
				"west": {"uv": [0, 0, 0.275, 2.075], "texture": "#3", "rotation": 90},
				"up": {"uv": [0, 0, 0.275, 2.075], "texture": "#3", "rotation": 90},
				"down": {"uv": [0, 0, 0.275, 2.075], "texture": "#3", "rotation": 90}
			}
		},
		{
			"name": "octagon",
			"from": [7.59645, 2.1, 6.9875],
			"to": [8.40355, 2.375, 9.4625],
			"rotation": {"angle": 0, "axis": "z", "origin": [8, 2.2375, 8.025]},
			"faces": {
				"north": {"uv": [0, 0, 0.275, 2.475], "texture": "#3", "rotation": 90},
				"east": {"uv": [0, 0, 0.275, 2.475], "texture": "#3", "rotation": 90},
				"south": {"uv": [0, 0, 0.275, 2.475], "texture": "#3", "rotation": 90},
				"west": {"uv": [0, 0, 0.275, 2.475], "texture": "#3", "rotation": 90},
				"up": {"uv": [0, 0, 0.275, 2.475], "texture": "#3", "rotation": 90},
				"down": {"uv": [0, 0, 0.275, 2.475], "texture": "#3", "rotation": 90}
			}
		},
		{
			"name": "octagon",
			"from": [7.59645, 1.6, 9.4875],
			"to": [8.40355, 2.375, 9.8625],
			"rotation": {"angle": -22.5, "axis": "x", "origin": [8, 1.3375, 9.725]},
			"faces": {
				"north": {"uv": [0, 0, 0.375, 0.775], "texture": "#3", "rotation": 180},
				"east": {"uv": [0, 0, 0.375, 0.775], "texture": "#3", "rotation": 180},
				"south": {"uv": [0, 0, 0.375, 0.775], "texture": "#3", "rotation": 180},
				"west": {"uv": [0, 0, 0.375, 0.775], "texture": "#3", "rotation": 180},
				"up": {"uv": [0, 0, 0.375, 0.775], "texture": "#3", "rotation": 180},
				"down": {"uv": [0, 0, 0.375, 0.775], "texture": "#3", "rotation": 180}
			}
		},
		{
			"name": "octagon",
			"from": [7.59645, 1.1, 9.2375],
			"to": [8.40355, 1.875, 10.1125],
			"rotation": {"angle": -45, "axis": "x", "origin": [8, 1.2375, 9.975]},
			"faces": {
				"north": {"uv": [0, 0, 0.875, 0.775], "texture": "#3", "rotation": 180},
				"east": {"uv": [0, 0, 0.875, 0.775], "texture": "#3", "rotation": 180},
				"south": {"uv": [0, 0, 0.875, 0.775], "texture": "#3", "rotation": 180},
				"west": {"uv": [0, 0, 0.875, 0.775], "texture": "#3", "rotation": 180},
				"up": {"uv": [0, 0, 0.875, 0.775], "texture": "#3", "rotation": 180},
				"down": {"uv": [0, 0, 0.875, 0.775], "texture": "#3", "rotation": 180}
			}
		},
		{
			"name": "octagon",
			"from": [7.49645, 0.4, 10.0375],
			"to": [8.50355, 1.175, 10.6125],
			"rotation": {"angle": 22.5, "axis": "x", "origin": [8, 1.0375, 10.325]},
			"faces": {
				"north": {"uv": [15.25, 15, 15.82492, 15.77484], "texture": "#2", "rotation": 90},
				"east": {"uv": [15.25, 15, 15.82492, 15.77484], "texture": "#2", "rotation": 90},
				"south": {"uv": [15.25, 15, 15.82492, 15.77484], "texture": "#2", "rotation": 90},
				"west": {"uv": [15.25, 15, 15.82492, 15.77484], "texture": "#2", "rotation": 90},
				"up": {"uv": [15.25, 15, 15.82492, 15.77484], "texture": "#2", "rotation": 90},
				"down": {"uv": [15.25, 15, 15.82492, 15.77484], "texture": "#2", "rotation": 90}
			}
		},
		{
			"name": "octagon",
			"from": [7.59645, 0.5, 8.9875],
			"to": [8.40355, 2.175, 9.4625],
			"rotation": {"angle": 0, "axis": "z", "origin": [8, 2.2375, 10.025]},
			"faces": {
				"north": {"uv": [0, 0, 1.675, 0.475], "texture": "#3", "rotation": 90},
				"east": {"uv": [0, 0, 1.675, 0.475], "texture": "#3", "rotation": 90},
				"south": {"uv": [0, 0, 1.675, 0.475], "texture": "#3", "rotation": 90},
				"west": {"uv": [0, 0, 1.675, 0.475], "texture": "#3", "rotation": 90},
				"up": {"uv": [0, 0, 1.675, 0.475], "texture": "#3", "rotation": 90},
				"down": {"uv": [0, 0, 1.675, 0.475], "texture": "#3", "rotation": 90}
			}
		},
		{
			"name": "octagon",
			"from": [7.59645, 0.5, 8.9875],
			"to": [8.40355, 1.175, 10.0625],
			"rotation": {"angle": 0, "axis": "z", "origin": [8, 2.2375, 10.025]},
			"faces": {
				"north": {"uv": [0, 0, 0.675, 1.075], "texture": "#3", "rotation": 90},
				"east": {"uv": [0, 0, 0.675, 1.075], "texture": "#3", "rotation": 90},
				"south": {"uv": [0, 0, 0.675, 1.075], "texture": "#3", "rotation": 90},
				"west": {"uv": [0, 0, 0.675, 1.075], "texture": "#3", "rotation": 90},
				"up": {"uv": [0, 0, 0.675, 1.075], "texture": "#3", "rotation": 90},
				"down": {"uv": [0, 0, 0.675, 1.075], "texture": "#3", "rotation": 90}
			}
		},
		{
			"name": "octagon",
			"from": [7.49645, -0.9, 9.6375],
			"to": [8.50355, 0.975, 10.7125],
			"rotation": {"angle": -22.5, "axis": "x", "origin": [8, 0.4375, 10.425]},
			"faces": {
				"north": {"uv": [15.25, 15, 15.82492, 15.77484], "texture": "#2", "rotation": 90},
				"east": {"uv": [15.25, 15, 15.82492, 15.77484], "texture": "#2", "rotation": 90},
				"south": {"uv": [15.25, 15, 15.82492, 15.77484], "texture": "#2", "rotation": 90},
				"west": {"uv": [15.25, 15, 15.82492, 15.77484], "texture": "#2", "rotation": 90},
				"up": {"uv": [15.25, 15, 15.82492, 15.77484], "texture": "#2", "rotation": 90},
				"down": {"uv": [15.25, 15, 15.82492, 15.77484], "texture": "#2", "rotation": 90}
			}
		},
		{
			"name": "octagon",
			"from": [7.49645, -2, 10.0375],
			"to": [8.50355, -0.7, 11.2125],
			"rotation": {"angle": 0, "axis": "x", "origin": [8, -0.8625, 10.925]},
			"faces": {
				"north": {"uv": [15.25, 15, 15.82492, 15.77484], "texture": "#2", "rotation": 90},
				"east": {"uv": [15.25, 15, 15.82492, 15.77484], "texture": "#2", "rotation": 90},
				"south": {"uv": [15.25, 15, 15.82492, 15.77484], "texture": "#2", "rotation": 90},
				"west": {"uv": [15.25, 15, 15.82492, 15.77484], "texture": "#2", "rotation": 90},
				"up": {"uv": [15.25, 15, 15.82492, 15.77484], "texture": "#2", "rotation": 90},
				"down": {"uv": [15.25, 15, 15.82492, 15.77484], "texture": "#2", "rotation": 90}
			}
		},
		{
			"name": "octagon",
			"from": [7.49645, 0.58, 10.3675],
			"to": [8.50355, 1.055, 10.6425],
			"rotation": {"angle": 0, "axis": "x", "origin": [8, 0.9175, 10.355]},
			"faces": {
				"north": {"uv": [15.25, 15, 15.82492, 15.77484], "texture": "#2", "rotation": 90},
				"east": {"uv": [15.25, 15, 15.82492, 15.77484], "texture": "#2", "rotation": 90},
				"south": {"uv": [15.25, 15, 15.82492, 15.77484], "texture": "#2", "rotation": 90},
				"west": {"uv": [15.25, 15, 15.82492, 15.77484], "texture": "#2", "rotation": 90},
				"up": {"uv": [15.25, 15, 15.82492, 15.77484], "texture": "#2", "rotation": 90},
				"down": {"uv": [15.25, 15, 15.82492, 15.77484], "texture": "#2", "rotation": 90}
			}
		},
		{
			"name": "octagon",
			"from": [7.49645, -0.05, 9.0375],
			"to": [8.50355, 0.65, 10.2125],
			"rotation": {"angle": 0, "axis": "x", "origin": [8, 1.0875, 9.925]},
			"faces": {
				"north": {"uv": [15.25, 15, 15.82492, 15.77484], "texture": "#2", "rotation": 90},
				"east": {"uv": [15.25, 15, 15.82492, 15.77484], "texture": "#2", "rotation": 90},
				"south": {"uv": [15.25, 15, 15.82492, 15.77484], "texture": "#2", "rotation": 90},
				"west": {"uv": [15.25, 15, 15.82492, 15.77484], "texture": "#2", "rotation": 90},
				"up": {"uv": [15.25, 15, 15.82492, 15.77484], "texture": "#2", "rotation": 90},
				"down": {"uv": [15.25, 15, 15.82492, 15.77484], "texture": "#2", "rotation": 90}
			}
		},
		{
			"name": "octagon",
			"from": [7.69645, -0.1, 7.6375],
			"to": [8.30355, 0.875, 7.8375],
			"rotation": {"angle": -22.5, "axis": "x", "origin": [8, 0.1875, 8.375]},
			"faces": {
				"north": {"uv": [0, 0, 0.2, 0.975], "texture": "#3", "rotation": 180},
				"east": {"uv": [0, 0, 0.2, 0.975], "texture": "#3", "rotation": 180},
				"south": {"uv": [0, 0, 0.2, 0.975], "texture": "#3", "rotation": 180},
				"west": {"uv": [0, 0, 0.2, 0.975], "texture": "#3", "rotation": 180},
				"up": {"uv": [0, 0, 0.2, 0.975], "texture": "#3", "rotation": 180},
				"down": {"uv": [0, 0, 0.2, 0.975], "texture": "#3", "rotation": 180}
			}
		},
		{
			"name": "octagon",
			"from": [7.69645, 0.01333, 8.81],
			"to": [8.30355, 0.21333, 9.285],
			"rotation": {"angle": -45, "axis": "x", "origin": [8, 0.11333, 9.05388]},
			"faces": {
				"north": {"uv": [0, 0, 0.2, 0.475], "texture": "#3", "rotation": 90},
				"east": {"uv": [0, 0, 0.2, 0.475], "texture": "#3", "rotation": 90},
				"south": {"uv": [0, 0, 0.2, 0.475], "texture": "#3", "rotation": 90},
				"west": {"uv": [0, 0, 0.2, 0.475], "texture": "#3", "rotation": 90},
				"up": {"uv": [0, 0, 0.2, 0.475], "texture": "#3", "rotation": 90},
				"down": {"uv": [0, 0, 0.2, 0.475], "texture": "#3", "rotation": 90}
			}
		},
		{
			"name": "octagon",
			"from": [7.69645, -0.28667, 8.36638],
			"to": [8.30355, -0.08667, 8.94638],
			"rotation": {"angle": -22.5, "axis": "x", "origin": [8, -0.18667, 8.55388]},
			"faces": {
				"north": {"uv": [0, 0, 0.2, 0.58], "texture": "#3", "rotation": 90},
				"east": {"uv": [0, 0, 0.2, 0.58], "texture": "#3", "rotation": 90},
				"south": {"uv": [0, 0, 0.2, 0.58], "texture": "#3", "rotation": 90},
				"west": {"uv": [0, 0, 0.2, 0.58], "texture": "#3", "rotation": 90},
				"up": {"uv": [0, 0, 0.2, 0.58], "texture": "#3", "rotation": 90},
				"down": {"uv": [0, 0, 0.2, 0.58], "texture": "#3", "rotation": 90}
			}
		},
		{
			"name": "octagon",
			"from": [7.6964, -0.36, 7.81],
			"to": [8.30351, -0.16, 8.42],
			"rotation": {"angle": 0, "axis": "x", "origin": [7.99995, -0.26, 7.6975]},
			"faces": {
				"north": {"uv": [0, 0, 0.2, 0.61], "texture": "#3", "rotation": 90},
				"east": {"uv": [0, 0, 0.2, 0.61], "texture": "#3", "rotation": 90},
				"south": {"uv": [0, 0, 0.2, 0.61], "texture": "#3", "rotation": 90},
				"west": {"uv": [0, 0, 0.2, 0.61], "texture": "#3", "rotation": 90},
				"up": {"uv": [0, 0, 0.2, 0.61], "texture": "#3", "rotation": 90},
				"down": {"uv": [0, 0, 0.2, 0.61], "texture": "#3", "rotation": 90}
			}
		},
		{
			"name": "octagon",
			"from": [7.79645, -0.1, 8.2375],
			"to": [8.20355, 0.375, 8.4375],
			"rotation": {"angle": 22.5, "axis": "x", "origin": [8, 0.1875, 8.975]},
			"faces": {
				"north": {"uv": [1, 13, 2.40703, 14.475], "texture": "#1", "rotation": 180},
				"east": {"uv": [0, 0, 0.2, 0.475], "texture": "#1", "rotation": 180},
				"south": {"uv": [0, 0, 0.2, 0.475], "texture": "#1", "rotation": 180},
				"west": {"uv": [0, 0, 0.2, 0.475], "texture": "#1", "rotation": 180},
				"up": {"uv": [0, 0, 0.2, 0.475], "texture": "#1", "rotation": 180},
				"down": {"uv": [0, 0, 0.2, 0.475], "texture": "#1", "rotation": 180}
			}
		},
		{
			"name": "octagon",
			"from": [7.89645, 1.3, 9.9375],
			"to": [8.10355, 1.575, 10.7125],
			"rotation": {"angle": -45, "axis": "x", "origin": [8, 1.2375, 9.975]},
			"faces": {
				"north": {"uv": [0, 0, 0.775, 0.275], "texture": "#1", "rotation": 180},
				"east": {"uv": [0, 0, 0.775, 0.275], "texture": "#1", "rotation": 180},
				"south": {"uv": [0, 0, 0.775, 0.275], "texture": "#1", "rotation": 180},
				"west": {"uv": [0, 0, 0.775, 0.275], "texture": "#1", "rotation": 180},
				"up": {"uv": [0, 0, 0.775, 0.275], "texture": "#1", "rotation": 180},
				"down": {"uv": [0, 0, 0.775, 0.275], "texture": "#1", "rotation": 180}
			}
		},
		{
			"name": "octagon",
			"from": [7.89645, 1.5, 10.4],
			"to": [8.10355, 1.775, 10.725],
			"rotation": {"angle": -22.5, "axis": "x", "origin": [8, 1.5375, 9.775]},
			"faces": {
				"north": {"uv": [0, 0, 0.325, 0.275], "texture": "#1", "rotation": 180},
				"east": {"uv": [0, 0, 0.325, 0.275], "texture": "#1", "rotation": 180},
				"south": {"uv": [0, 0, 0.325, 0.275], "texture": "#1", "rotation": 180},
				"west": {"uv": [0, 0, 0.325, 0.275], "texture": "#1", "rotation": 180},
				"up": {"uv": [0, 0, 0.325, 0.275], "texture": "#1", "rotation": 180},
				"down": {"uv": [0, 0, 0.325, 0.275], "texture": "#1", "rotation": 180}
			}
		},
		{
			"name": "octagon",
			"from": [7.89645, 1.5, 9.3375],
			"to": [8.10355, 1.775, 10.6125],
			"rotation": {"angle": 45, "axis": "x", "origin": [8, 1.6375, 9.775]},
			"faces": {
				"north": {"uv": [0, 0, 1.275, 0.275], "texture": "#1", "rotation": 180},
				"east": {"uv": [0, 0, 1.275, 0.275], "texture": "#1", "rotation": 180},
				"south": {"uv": [0, 0, 1.275, 0.275], "texture": "#1", "rotation": 180},
				"west": {"uv": [0, 0, 1.275, 0.275], "texture": "#1", "rotation": 180},
				"up": {"uv": [0, 0, 1.275, 0.275], "texture": "#1", "rotation": 180},
				"down": {"uv": [0, 0, 1.275, 0.275], "texture": "#1", "rotation": 180}
			}
		},
		{
			"name": "octagon",
			"from": [7.59645, 2.1, 6.9875],
			"to": [8.40355, 2.375, 9.4625],
			"rotation": {"angle": 0, "axis": "z", "origin": [8, 2.2375, 8.025]},
			"faces": {
				"north": {"uv": [0, 0, 0.275, 2.475], "texture": "#3", "rotation": 90},
				"east": {"uv": [0, 0, 0.275, 2.475], "texture": "#3", "rotation": 90},
				"south": {"uv": [0, 0, 0.275, 2.475], "texture": "#3", "rotation": 90},
				"west": {"uv": [0, 0, 0.275, 2.475], "texture": "#3", "rotation": 90},
				"up": {"uv": [0, 0, 0.275, 2.475], "texture": "#3", "rotation": 90},
				"down": {"uv": [0, 0, 0.275, 2.475], "texture": "#3", "rotation": 90}
			}
		},
		{
			"name": "octagon",
			"from": [7.79645, 2.3, 9.1875],
			"to": [7.90355, 2.575, 9.4625],
			"rotation": {"angle": 0, "axis": "z", "origin": [8, 2.2375, 8.025]},
			"faces": {
				"north": {"uv": [0, 0, 0.275, 0.275], "texture": "#3", "rotation": 90},
				"east": {"uv": [0, 0, 0.275, 0.275], "texture": "#3", "rotation": 90},
				"south": {"uv": [0, 0, 0.275, 0.275], "texture": "#3", "rotation": 90},
				"west": {"uv": [0, 0, 0.275, 0.275], "texture": "#3", "rotation": 90},
				"up": {"uv": [0, 0, 0.275, 0.275], "texture": "#3", "rotation": 90},
				"down": {"uv": [0, 0, 0.275, 0.275], "texture": "#3", "rotation": 90}
			}
		},
		{
			"name": "octagon",
			"from": [8.09645, 2.3, 9.1875],
			"to": [8.20355, 2.575, 9.4625],
			"rotation": {"angle": 0, "axis": "z", "origin": [8, 2.2375, 8.025]},
			"faces": {
				"north": {"uv": [0, 0, 0.275, 0.275], "texture": "#3", "rotation": 90},
				"east": {"uv": [0, 0, 0.275, 0.275], "texture": "#3", "rotation": 90},
				"south": {"uv": [0, 0, 0.275, 0.275], "texture": "#3", "rotation": 90},
				"west": {"uv": [0, 0, 0.275, 0.275], "texture": "#3", "rotation": 90},
				"up": {"uv": [0, 0, 0.275, 0.275], "texture": "#3", "rotation": 90},
				"down": {"uv": [0, 0, 0.275, 0.275], "texture": "#3", "rotation": 90}
			}
		},
		{
			"name": "octagon",
			"from": [7.69645, 2.25, 9.0875],
			"to": [8.30355, 2.425, 9.4625],
			"rotation": {"angle": 0, "axis": "z", "origin": [8, 2.2375, 8.025]},
			"faces": {
				"north": {"uv": [0, 0, 0.175, 0.375], "texture": "#3", "rotation": 90},
				"east": {"uv": [0, 0, 0.175, 0.375], "texture": "#3", "rotation": 90},
				"south": {"uv": [0, 0, 0.175, 0.375], "texture": "#3", "rotation": 90},
				"west": {"uv": [0, 0, 0.175, 0.375], "texture": "#3", "rotation": 90},
				"up": {"uv": [0, 0, 0.175, 0.375], "texture": "#3", "rotation": 90},
				"down": {"uv": [0, 0, 0.175, 0.375], "texture": "#3", "rotation": 90}
			}
		}
	],
	"display": {
		"thirdperson_righthand": {
			"scale": [1.25, 1.25, 1.25],
			"translation": [0, 9.5, 0]
		},
		"thirdperson_lefthand": {
			"scale": [1.25, 1.25, 1.25],
			"translation": [0, 9.5, 0]
		},
		"ground": {
			"scale": [1.25, 1.25, 1.25],
			"translation": [0, 10.5, 0]
		},
		"fixed": {
			"scale": [2, 2, 2],
			"rotation": [0, 90, 0],
			"translation": [4.5, 14.5, -1]
		},
		"gui": {
			"scale": [2, 2, 2],
			"rotation": [34, 143, 0],
			"translation": [2.5, 13, 0]
		},
		"head": {
			"scale": [1.5, 1.5, 1.5],
			"translation": [7.5, -16, 3.5],
			"rotation": [90, -146, 90]
		},
		"firstperson_lefthand": {
			"scale": [2, 2, 2],
			"rotation": [-1, 0, 0],
			"translation": [-9, 19.2, 4]
		},
		"firstperson_righthand": {
			"scale": [2, 2, 2],
			"translation": [-9, 19.2, 4],
			"rotation": [-1, 0, 0]
		}
	},
	"groups": [
		{
			"name": "octagon",
			"isOpen": true,
			"shade": true,
			"display": {
				"visibility": true,
				"autouv": true
			},
			"children": [0, 1, 2, 3, 4, 5, 6, 7, 8]
		},
		{
			"name": "octagon",
			"isOpen": true,
			"shade": true,
			"display": {
				"visibility": true,
				"autouv": true
			},
			"children": [9, 10, 11, 12]
		}, 13, 14, 15, 16, 17, 18, 19, 20, 21, 22, 23, 24, 25, 26, 27, 28, 29, 30, 31, 32, 33, 34, 35, 36, 37, 38]
}