{
	"credit": "Made with Blockbench",
	"textures": {
		"0": "custom/black-metal",
		"1": "custom/anvil_top_damaged_0",
		"2": "custom/brushed-metal",
		"3": "custom/crocodile",
		"particle": "custom/black-metal"
	},
	"elements": [
		{
			"from": [6.5, 2.1875, 2.35],
			"to": [8.9375, 4.8125, 5.2],
			"rotation": {"angle": 45, "axis": "y", "origin": [8, 3.5, 3.5]},
			"faces": {
				"north": {"uv": [0, 0, 3.25, 3.5], "texture": "#3"},
				"east": {"uv": [0, 0, 3.25, 3.5], "texture": "#3"},
				"south": {"uv": [0, 0, 3.25, 3.5], "texture": "#3"},
				"west": {"uv": [0, 0, 3.25, 3.5], "texture": "#3"},
				"up": {"uv": [0, 0, 3.25, 3.5], "texture": "#3"},
				"down": {"uv": [0, 0, 3.25, 3.5], "texture": "#3"}
			}
		},
		{
			"from": [5.75, 3.125, 0],
			"to": [10.25, 3.875, 12],
			"rotation": {"angle": -45, "axis": "z", "origin": [8, 3.5, 6]},
			"faces": {
				"north": {"uv": [0, 0, 6, 1], "texture": "#3"},
				"east": {"uv": [0, 0, 6, 1], "texture": "#3"},
				"south": {"uv": [0, 0, 6, 1], "texture": "#3"},
				"west": {"uv": [0, 0, 6, 1], "texture": "#3"},
				"up": {"uv": [0, 0, 6, 1], "texture": "#3"},
				"down": {"uv": [0, 0, 6, 1], "texture": "#3"}
			}
		},
		{
			"from": [5.75, 3.125, 0],
			"to": [10.25, 3.875, 12],
			"rotation": {"angle": 45, "axis": "z", "origin": [8, 3.5, 6]},
			"faces": {
				"north": {"uv": [0, 0, 6, 1], "texture": "#3"},
				"east": {"uv": [0, 0, 6, 1], "texture": "#3"},
				"south": {"uv": [0, 0, 6, 1], "texture": "#3"},
				"west": {"uv": [0, 0, 6, 1], "texture": "#3"},
				"up": {"uv": [0, 0, 6, 1], "texture": "#3"},
				"down": {"uv": [0, 0, 6, 1], "texture": "#3"}
			}
		},
		{
			"from": [6.5, 2, 0.1],
			"to": [9.5, 5, 11.9],
			"faces": {
				"north": {"uv": [0, 0, 11.8, 3], "texture": "#2"},
				"east": {"uv": [0, 0, 11.8, 3], "texture": "#2"},
				"south": {"uv": [0, 0, 11.8, 3], "texture": "#2"},
				"west": {"uv": [0, 0, 11.8, 3], "texture": "#2"},
				"up": {"uv": [0, 0, 3, 11.8], "texture": "#2"},
				"down": {"uv": [0, 0, 3, 11.8], "texture": "#2"}
			}
		},
		{
			"from": [6.5, 2.1875, 5.35],
			"to": [8.9375, 4.8125, 8.2],
			"rotation": {"angle": 45, "axis": "y", "origin": [8, 3.5, 6.5]},
			"faces": {
				"north": {"uv": [0, 0, 3.25, 3.5], "texture": "#3"},
				"east": {"uv": [0, 0, 3.25, 3.5], "texture": "#3"},
				"south": {"uv": [0, 0, 3.25, 3.5], "texture": "#3"},
				"west": {"uv": [0, 0, 3.25, 3.5], "texture": "#3"},
				"up": {"uv": [0, 0, 3.25, 3.5], "texture": "#3"},
				"down": {"uv": [0, 0, 3.25, 3.5], "texture": "#3"}
			}
		},
		{
			"from": [7.0625, -1, 10],
			"to": [8.9375, 2.5625, 12],
			"rotation": {"angle": -22.5, "axis": "x", "origin": [8, 0.6875, 11]},
			"faces": {
				"north": {"uv": [0, 0, 2, 4.75], "texture": "#0"},
				"east": {"uv": [0, 0, 2, 4.75], "texture": "#0"},
				"south": {"uv": [0, 0, 2, 4.75], "texture": "#0"},
				"west": {"uv": [0, 0, 2, 4.75], "texture": "#0"},
				"up": {"uv": [0, 0, 2, 4.75], "texture": "#0"},
				"down": {"uv": [0, 0, 2, 4.75], "texture": "#0"}
			}
		},
		{
			"from": [7.5875, 0.5, 8],
			"to": [8.4125, 2.5625, 8.25],
			"rotation": {"angle": 22.5, "axis": "x", "origin": [8, 0.6875, 9]},
			"faces": {
				"north": {"uv": [3, 0, 3.25, 2.0625], "texture": "#1"},
				"east": {"uv": [3, 0, 3.25, 2.0625], "texture": "#1"},
				"south": {"uv": [3, 0, 3.25, 2.0625], "texture": "#1"},
				"west": {"uv": [3, 0, 3.25, 2.0625], "texture": "#1"},
				"up": {"uv": [3, 0, 3.25, 2.0625], "texture": "#1"},
				"down": {"uv": [3, 0, 3.25, 2.0625], "texture": "#1"}
			}
		},
		{
			"from": [6.425, 1.925, -0.1],
			"to": [9.575, 5.075, 0.15],
			"faces": {
				"north": {"uv": [0, 0, 4.2, 4.2], "texture": "#3"},
				"east": {"uv": [0, 0, 4.2, 4.2], "texture": "#3"},
				"south": {"uv": [0, 0, 4.2, 4.2], "texture": "#3"},
				"west": {"uv": [0, 0, 4.2, 4.2], "texture": "#3"},
				"up": {"uv": [0, 0, 4.2, 4.2], "texture": "#3"},
				"down": {"uv": [0, 0, 4.2, 4.2], "texture": "#3"}
			}
		},
		{
			"from": [7.25, 2.75, 11.9],
			"to": [8.75, 4.25, 13.9],
			"faces": {
				"north": {"uv": [0, 0, 2, 2], "texture": "#3"},
				"east": {"uv": [0, 0, 2, 2], "texture": "#3"},
				"south": {"uv": [0, 0, 2, 2], "texture": "#3"},
				"west": {"uv": [0, 0, 2, 2], "texture": "#3"},
				"up": {"uv": [0, 0, 2, 2], "texture": "#3"},
				"down": {"uv": [0, 0, 2, 2], "texture": "#3"}
			}
		},
		{
			"from": [6.6875, 2.375, 13.9],
			"to": [9.125, 4.625, 14.8],
			"rotation": {"angle": 45, "axis": "z", "origin": [7.90625, 3.5, 14.35]},
			"faces": {
				"north": {"uv": [0, 0, 3.25, 3], "texture": "#3"},
				"east": {"uv": [0, 0, 3.25, 3], "texture": "#3"},
				"south": {"uv": [0, 0, 3.25, 3], "texture": "#3"},
				"west": {"uv": [0, 0, 3.25, 3], "texture": "#3"},
				"up": {"uv": [0, 0, 3.25, 3], "texture": "#3"},
				"down": {"uv": [0, 0, 3.25, 3], "texture": "#3"}
			}
		},
		{
			"from": [7.625, 3.125, -0.45],
			"to": [8.375, 3.875, -0.05],
			"faces": {
				"north": {"uv": [13, 3, 14.8, 4], "texture": "#0"},
				"east": {"uv": [13, 3, 14.8, 4], "texture": "#0"},
				"south": {"uv": [13, 3, 14.8, 4], "texture": "#0"},
				"west": {"uv": [13, 3, 14.8, 4], "texture": "#0"},
				"up": {"uv": [13, 3, 14.8, 4], "texture": "#0"},
				"down": {"uv": [13, 3, 14.8, 4], "texture": "#0"}
			}
		},
		{
			"from": [7.125, 2.625, -0.35],
			"to": [8.875, 4.375, -0.05],
			"faces": {
				"north": {"uv": [0, 0, 1.75, 1.75], "texture": "#2"},
				"east": {"uv": [0, 0, 0.3, 1.75], "texture": "#2"},
				"south": {"uv": [0, 0, 0.3, 1.75], "texture": "#2"},
				"west": {"uv": [0, 0, 0.3, 1.75], "texture": "#2"},
				"up": {"uv": [0, 0, 0.3, 1.75], "texture": "#2"},
				"down": {"uv": [0, 0, 0.3, 1.75], "texture": "#2"}
			}
		}
	],
	"display": {
		"thirdperson_righthand": {
			"scale": [0.8, 0.8, 0.8],
			"translation": [0, 5.5, 0]
		},
		"thirdperson_lefthand": {
			"scale": [0.8, 0.8, 0.8],
			"translation": [0, 5.5, 0]
		},
		"firstperson_righthand": {
			"translation": [0, 6, 5]
		},
		"firstperson_lefthand": {
			"translation": [0, 6, 5]
		},
		"head": {
			"rotation": [90, 150, -90],
			"translation": [-2.5, -11, 5]
		},
		"ground": {
			"translation": [0, 7.5, 0]
		},
		"gui": {
			"rotation": [26, 139, 0],
			"translation": [1.5, 4.5, 0]
		},
		"fixed": {
			"scale": [1.2, 1.2, 1.2],
			"translation": [3.5, 6, -2.5],
			"rotation": [0, 90, 0]
		}
	}
}