{
	"credit": "Made with Blockbench",
	"textures": {
		"0": "custom/black-metal",
		"1": "custom/red",
		"2": "custom/brushed-metal",
		"particle": "custom/black-metal"
	},
	"elements": [
		{
			"from": [7, 4.5, 12.85],
			"to": [9, 5.5, 19.9],
			"faces": {
				"north": {"uv": [0, 0, 7.05, 1], "texture": "#0"},
				"east": {"uv": [0, 0, 7.05, 1], "texture": "#0"},
				"south": {"uv": [0, 0, 7.05, 1], "texture": "#0"},
				"west": {"uv": [0, 0, 7.05, 1], "texture": "#0"},
				"up": {"uv": [0, 0, 7.05, 1], "texture": "#0"},
				"down": {"uv": [0, 0, 7.05, 1], "texture": "#0"}
			}
		},
		{
			"from": [7, 2.5, -2.5],
			"to": [9, 3.5, 11],
			"faces": {
				"north": {"uv": [0, 0, 13.5, 1], "texture": "#0"},
				"east": {"uv": [0, 0, 13.5, 1], "texture": "#0"},
				"south": {"uv": [0, 0, 13.5, 1], "texture": "#0"},
				"west": {"uv": [0, 0, 13.5, 1], "texture": "#0"},
				"up": {"uv": [0, 0, 13.5, 1], "texture": "#0"},
				"down": {"uv": [0, 0, 13.5, 1], "texture": "#0"}
			}
		},
		{
			"from": [7.25, 3.5, -2],
			"to": [8.75, 4, 11],
			"faces": {
				"north": {"uv": [0, 0, 13, 0.5], "texture": "#1"},
				"east": {"uv": [0, 0, 13, 0.5], "texture": "#1"},
				"south": {"uv": [0, 0, 13, 0.5], "texture": "#1"},
				"west": {"uv": [0, 0, 13, 0.5], "texture": "#1"},
				"up": {"uv": [0, 0, 13, 0.5], "texture": "#1"},
				"down": {"uv": [0, 0, 13, 0.5], "texture": "#1"}
			}
		},
		{
			"from": [7, 3, -3],
			"to": [9, 5, -2],
			"faces": {
				"north": {"uv": [0, 0, 1, 2], "texture": "#0"},
				"east": {"uv": [0, 0, 1, 2], "texture": "#0"},
				"south": {"uv": [0, 0, 1, 2], "texture": "#0"},
				"west": {"uv": [0, 0, 1, 2], "texture": "#0"},
				"up": {"uv": [0, 0, 1, 2], "texture": "#0"},
				"down": {"uv": [0, 0, 1, 2], "texture": "#0"}
			}
		},
		{
			"name": "octagon",
			"from": [6.5, 2.67157, 10],
			"to": [9.5, 4.32843, 14],
			"rotation": {"angle": -45, "axis": "x", "origin": [8, 3.5, 12]},
			"faces": {
				"north": {"uv": [0, 0, 1.65685, 4], "texture": "#1", "rotation": 270},
				"east": {"uv": [0, 0, 1.65685, 4], "texture": "#1", "rotation": 270},
				"south": {"uv": [0, 0, 1.65685, 4], "texture": "#1", "rotation": 270},
				"west": {"uv": [0, 0, 1.65685, 4], "texture": "#1", "rotation": 270},
				"up": {"uv": [0, 0, 1.65685, 4], "texture": "#1", "rotation": 270},
				"down": {"uv": [0, 0, 1.65685, 4], "texture": "#1", "rotation": 270}
			}
		},
		{
			"name": "octagon",
			"from": [6.5, 2.67157, 10],
			"to": [9.5, 4.32843, 14],
			"rotation": {"angle": 0, "axis": "x", "origin": [8, 3.5, 12]},
			"faces": {
				"north": {"uv": [0, 0, 1.65685, 4], "texture": "#1", "rotation": 270},
				"east": {"uv": [0, 0, 1.65685, 4], "texture": "#1", "rotation": 270},
				"south": {"uv": [0, 0, 1.65685, 4], "texture": "#1", "rotation": 270},
				"west": {"uv": [0, 0, 1.65685, 4], "texture": "#1", "rotation": 270},
				"up": {"uv": [0, 0, 1.65685, 4], "texture": "#1", "rotation": 270},
				"down": {"uv": [0, 0, 1.65685, 4], "texture": "#1", "rotation": 270}
			}
		},
		{
			"name": "octagon",
			"from": [6.5, 1.5, 11.17157],
			"to": [9.5, 5.5, 12.82843],
			"rotation": {"angle": -45, "axis": "x", "origin": [8, 3.5, 12]},
			"faces": {
				"north": {"uv": [0, 0, 4, 1.65685], "texture": "#1", "rotation": 270},
				"east": {"uv": [0, 0, 4, 1.65685], "texture": "#1", "rotation": 270},
				"south": {"uv": [0, 0, 4, 1.65685], "texture": "#1", "rotation": 270},
				"west": {"uv": [0, 0, 4, 1.65685], "texture": "#1", "rotation": 270},
				"up": {"uv": [0, 0, 4, 1.65685], "texture": "#1", "rotation": 270},
				"down": {"uv": [0, 0, 4, 1.65685], "texture": "#1", "rotation": 270}
			}
		},
		{
			"name": "octagon",
			"from": [6.5, 1.5, 11.17157],
			"to": [9.5, 5.5, 12.82843],
			"rotation": {"angle": 0, "axis": "x", "origin": [8, 3.5, 12]},
			"faces": {
				"north": {"uv": [0, 0, 4, 1.65685], "texture": "#1", "rotation": 270},
				"east": {"uv": [0, 0, 4, 1.65685], "texture": "#1", "rotation": 270},
				"south": {"uv": [0, 0, 4, 1.65685], "texture": "#1", "rotation": 270},
				"west": {"uv": [0, 0, 4, 1.65685], "texture": "#1", "rotation": 270},
				"up": {"uv": [0, 0, 4, 1.65685], "texture": "#1", "rotation": 270},
				"down": {"uv": [0, 0, 4, 1.65685], "texture": "#1", "rotation": 270}
			}
		},
		{
			"name": "octagon",
			"from": [7.5, 0.75, 11.17157],
			"to": [8.5, 1.5, 12.82843],
			"rotation": {"angle": 0, "axis": "x", "origin": [8, -0.5, 12]},
			"faces": {
				"north": {"uv": [0, 0, 1.65685, 0.75], "texture": "#2", "rotation": 270},
				"east": {"uv": [0, 0, 1.65685, 0.75], "texture": "#2", "rotation": 270},
				"south": {"uv": [0, 0, 1.65685, 0.75], "texture": "#2", "rotation": 270},
				"west": {"uv": [0, 0, 1.65685, 0.75], "texture": "#2", "rotation": 270},
				"up": {"uv": [0, 0, 1.65685, 0.75], "texture": "#2", "rotation": 270},
				"down": {"uv": [0, 0, 1.65685, 0.75], "texture": "#2", "rotation": 270}
			}
		},
		{
			"name": "octagon",
			"from": [7.5, 1.02405, 10.07062],
			"to": [8.5, 1.77405, 11.72748],
			"rotation": {"angle": 45, "axis": "x", "origin": [8, 1.39905, 10.89905]},
			"faces": {
				"north": {"uv": [0, 0, 1.65685, 0.75], "texture": "#2", "rotation": 270},
				"east": {"uv": [0, 0, 1.65685, 0.75], "texture": "#2", "rotation": 270},
				"south": {"uv": [0, 0, 1.65685, 0.75], "texture": "#2", "rotation": 270},
				"west": {"uv": [0, 0, 1.65685, 0.75], "texture": "#2", "rotation": 270},
				"up": {"uv": [0, 0, 1.65685, 0.75], "texture": "#2", "rotation": 270},
				"down": {"uv": [0, 0, 1.65685, 0.75], "texture": "#2", "rotation": 270}
			}
		},
		{
			"name": "octagon",
			"from": [6.4, 3.08578, 11],
			"to": [9.6, 3.91422, 13],
			"rotation": {"angle": -45, "axis": "x", "origin": [8, 3.5, 12]},
			"faces": {
				"north": {"uv": [1, 10, 2.65625, 14], "texture": "#2", "rotation": 270},
				"east": {"uv": [1, 10, 2.65625, 14], "texture": "#2", "rotation": 270},
				"south": {"uv": [1, 10, 2.65625, 14], "texture": "#2", "rotation": 270},
				"west": {"uv": [1, 10, 2.65625, 14], "texture": "#2", "rotation": 270},
				"up": {"uv": [1, 10, 2.65625, 14], "texture": "#2", "rotation": 270},
				"down": {"uv": [1, 10, 2.65625, 14], "texture": "#2", "rotation": 270}
			}
		},
		{
			"name": "octagon",
			"from": [6.4, 3.08578, 11],
			"to": [9.6, 3.91422, 13],
			"rotation": {"angle": 0, "axis": "x", "origin": [8, 3.5, 12]},
			"faces": {
				"north": {"uv": [1, 10, 2.65625, 14], "texture": "#2", "rotation": 270},
				"east": {"uv": [1, 10, 2.65625, 14], "texture": "#2", "rotation": 270},
				"south": {"uv": [1, 10, 2.65625, 14], "texture": "#2", "rotation": 270},
				"west": {"uv": [1, 10, 2.65625, 14], "texture": "#2", "rotation": 270},
				"up": {"uv": [1, 10, 2.65625, 14], "texture": "#2", "rotation": 270},
				"down": {"uv": [1, 10, 2.65625, 14], "texture": "#2", "rotation": 270}
			}
		},
		{
			"name": "octagon",
			"from": [6.4, 2.5, 11.58579],
			"to": [9.6, 4.5, 12.41422],
			"rotation": {"angle": -45, "axis": "x", "origin": [8, 3.5, 12]},
			"faces": {
				"north": {"uv": [1, 10, 2.65625, 14], "texture": "#2", "rotation": 270},
				"east": {"uv": [1, 10, 2.65625, 14], "texture": "#2", "rotation": 270},
				"south": {"uv": [1, 10, 2.65625, 14], "texture": "#2", "rotation": 270},
				"west": {"uv": [1, 10, 2.65625, 14], "texture": "#2", "rotation": 270},
				"up": {"uv": [1, 10, 2.65625, 14], "texture": "#2", "rotation": 270},
				"down": {"uv": [1, 10, 2.65625, 14], "texture": "#2", "rotation": 270}
			}
		},
		{
			"name": "octagon",
			"from": [6.4, 2.5, 11.58579],
			"to": [9.6, 4.5, 12.41422],
			"rotation": {"angle": 0, "axis": "x", "origin": [8, 3.5, 12]},
			"faces": {
				"north": {"uv": [1, 10, 2.65625, 14], "texture": "#2", "rotation": 270},
				"east": {"uv": [1, 10, 2.65625, 14], "texture": "#2", "rotation": 270},
				"south": {"uv": [1, 10, 2.65625, 14], "texture": "#2", "rotation": 270},
				"west": {"uv": [1, 10, 2.65625, 14], "texture": "#2", "rotation": 270},
				"up": {"uv": [1, 10, 2.65625, 14], "texture": "#2", "rotation": 270},
				"down": {"uv": [1, 10, 2.65625, 14], "texture": "#2", "rotation": 270}
			}
		},
		{
			"name": "octagon",
			"from": [7.5, 2.125, 11.58579],
			"to": [8.5, 2.5, 12.41422],
			"rotation": {"angle": 0, "axis": "x", "origin": [8, 1.5, 12]},
			"faces": {
				"north": {"uv": [0, 0, 1.65685, 0.75], "texture": "#2", "rotation": 270},
				"east": {"uv": [0, 0, 1.65685, 0.75], "texture": "#2", "rotation": 270},
				"south": {"uv": [0, 0, 1.65685, 0.75], "texture": "#2", "rotation": 270},
				"west": {"uv": [0, 0, 1.65685, 0.75], "texture": "#2", "rotation": 270},
				"up": {"uv": [0, 0, 1.65685, 0.75], "texture": "#2", "rotation": 270},
				"down": {"uv": [0, 0, 1.65685, 0.75], "texture": "#2", "rotation": 270}
			}
		},
		{
			"name": "octagon",
			"from": [7.5, 2.26202, 11.03531],
			"to": [8.5, 2.63702, 11.86374],
			"rotation": {"angle": 45, "axis": "x", "origin": [8, 2.44952, 11.44953]},
			"faces": {
				"north": {"uv": [0, 0, 1.65685, 0.75], "texture": "#2", "rotation": 270},
				"east": {"uv": [0, 0, 1.65685, 0.75], "texture": "#2", "rotation": 270},
				"south": {"uv": [0, 0, 1.65685, 0.75], "texture": "#2", "rotation": 270},
				"west": {"uv": [0, 0, 1.65685, 0.75], "texture": "#2", "rotation": 270},
				"up": {"uv": [0, 0, 1.65685, 0.75], "texture": "#2", "rotation": 270},
				"down": {"uv": [0, 0, 1.65685, 0.75], "texture": "#2", "rotation": 270}
			}
		},
		{
			"from": [7.1, -0.0255, 3.69656],
			"to": [8.9, 0.9745, 8.74656],
			"rotation": {"angle": 22.5, "axis": "x", "origin": [8, 0.4745, 10.19656]},
			"faces": {
				"north": {"uv": [14, 0, 15.8, 1], "texture": "#2"},
				"east": {"uv": [14, 0, 15.8, 1], "texture": "#2"},
				"south": {"uv": [14, 0, 15.8, 1], "texture": "#2"},
				"west": {"uv": [14, 0, 15.8, 1], "texture": "#2"},
				"up": {"uv": [14, 0, 15.8, 1], "texture": "#2"},
				"down": {"uv": [14, 0, 15.8, 1], "texture": "#2"}
			}
		},
		{
			"from": [7.1, -0.17878, 10.96716],
			"to": [8.9, 0.82122, 16.46716],
			"faces": {
				"north": {"uv": [14, 0, 15.8, 1], "texture": "#2"},
				"east": {"uv": [14, 0, 15.8, 1], "texture": "#2"},
				"south": {"uv": [14, 0, 15.8, 1], "texture": "#2"},
				"west": {"uv": [14, 0, 15.8, 1], "texture": "#2"},
				"up": {"uv": [14, 0, 15.8, 1], "texture": "#2"},
				"down": {"uv": [14, 0, 15.8, 1], "texture": "#2"}
			}
		},
		{
			"from": [7.1, 1.79609, 15.23492],
			"to": [8.9, 2.79609, 17.23492],
			"rotation": {"angle": -45, "axis": "x", "origin": [8, 2.29609, 18.23492]},
			"faces": {
				"north": {"uv": [14, 0, 15.8, 1], "texture": "#2"},
				"east": {"uv": [14, 0, 15.8, 1], "texture": "#2"},
				"south": {"uv": [14, 0, 15.8, 1], "texture": "#2"},
				"west": {"uv": [14, 0, 15.8, 1], "texture": "#2"},
				"up": {"uv": [14, 0, 15.8, 1], "texture": "#2"},
				"down": {"uv": [14, 0, 15.8, 1], "texture": "#2"}
			}
		},
		{
			"from": [7.1, 0.94254, 17.17426],
			"to": [8.9, 1.94254, 19.17426],
			"faces": {
				"north": {"uv": [14, 0, 15.8, 1], "texture": "#2"},
				"east": {"uv": [14, 0, 15.8, 1], "texture": "#2"},
				"south": {"uv": [14, 0, 15.8, 1], "texture": "#2"},
				"west": {"uv": [14, 0, 15.8, 1], "texture": "#2"},
				"up": {"uv": [14, 0, 15.8, 1], "texture": "#2"},
				"down": {"uv": [14, 0, 15.8, 1], "texture": "#2"}
			}
		},
		{
			"from": [7.1, 0.38188, 18.52782],
			"to": [8.9, 1.38188, 20.52782],
			"rotation": {"angle": 45, "axis": "x", "origin": [8, 0.88188, 19.52782]},
			"faces": {
				"north": {"uv": [14, 0, 15.8, 1], "texture": "#2"},
				"east": {"uv": [14, 0, 15.8, 1], "texture": "#2"},
				"south": {"uv": [14, 0, 15.8, 1], "texture": "#2"},
				"west": {"uv": [14, 0, 15.8, 1], "texture": "#2"},
				"up": {"uv": [14, 0, 15.8, 1], "texture": "#2"},
				"down": {"uv": [14, 0, 15.8, 1], "texture": "#2"}
			}
		},
		{
			"from": [7, -0.17878, 19.88137],
			"to": [9, 5.82122, 21.88137],
			"faces": {
				"north": {"uv": [0, 0, 2, 6], "texture": "#0"},
				"east": {"uv": [0, 0, 2, 6], "texture": "#0"},
				"south": {"uv": [0, 0, 2, 6], "texture": "#0"},
				"west": {"uv": [0, 0, 2, 6], "texture": "#0"},
				"up": {"uv": [0, 0, 2, 6], "texture": "#0"},
				"down": {"uv": [0, 0, 2, 6], "texture": "#0"}
			}
		},
		{
			"from": [7.5, 1.5, 6.5],
			"to": [8.5, 2.5, 11.25],
			"faces": {
				"north": {"uv": [0, 0, 4.75, 1], "texture": "#2"},
				"east": {"uv": [0, 0, 4.75, 1], "texture": "#2"},
				"south": {"uv": [0, 0, 4.75, 1], "texture": "#2"},
				"west": {"uv": [0, 0, 4.75, 1], "texture": "#2"},
				"up": {"uv": [0, 0, 4.75, 1], "texture": "#2"},
				"down": {"uv": [0, 0, 4.75, 1], "texture": "#2"}
			}
		},
		{
			"from": [7, 4, -2],
			"to": [9, 5, 11],
			"faces": {
				"north": {"uv": [0, 0, 13, 1], "texture": "#0"},
				"east": {"uv": [0, 0, 13, 1], "texture": "#0"},
				"south": {"uv": [0, 0, 13, 1], "texture": "#0"},
				"west": {"uv": [0, 0, 13, 1], "texture": "#0"},
				"up": {"uv": [0, 0, 13, 1], "texture": "#0"},
				"down": {"uv": [0, 0, 13, 1], "texture": "#0"}
			}
		},
		{
			"from": [7.9, 1.25, 9.8],
			"to": [8.1, 1.75, 10.3],
			"rotation": {"angle": 45, "axis": "x", "origin": [8, 1.5, 10.05]},
			"faces": {
				"north": {"uv": [14, 0, 15.25, 1], "texture": "#2"},
				"east": {"uv": [14, 0, 15.25, 1], "texture": "#2"},
				"south": {"uv": [14, 0, 15.25, 1], "texture": "#2"},
				"west": {"uv": [14, 0, 15.25, 1], "texture": "#2"},
				"up": {"uv": [14, 0, 15.25, 1], "texture": "#2"},
				"down": {"uv": [14, 0, 15.25, 1], "texture": "#2"}
			}
		},
		{
			"from": [7.9, 1.17336, 10.01825],
			"to": [8.1, 1.42336, 10.26825],
			"rotation": {"angle": -22.5, "axis": "x", "origin": [8, 1.17336, 10.26825]},
			"faces": {
				"north": {"uv": [14, 0, 15.25, 1], "texture": "#2"},
				"east": {"uv": [14, 0, 15.25, 1], "texture": "#2"},
				"south": {"uv": [14, 0, 15.25, 1], "texture": "#2"},
				"west": {"uv": [14, 0, 15.25, 1], "texture": "#2"},
				"up": {"uv": [14, 0, 15.25, 1], "texture": "#2"},
				"down": {"uv": [14, 0, 15.25, 1], "texture": "#2"}
			}
		},
		{
			"from": [7.9, 0.92336, 10.01825],
			"to": [8.1, 1.17336, 10.26825],
			"rotation": {"angle": 0, "axis": "x", "origin": [8, 0.92336, 10.26825]},
			"faces": {
				"north": {"uv": [14, 0, 15.25, 1], "texture": "#2"},
				"east": {"uv": [14, 0, 15.25, 1], "texture": "#2"},
				"south": {"uv": [14, 0, 15.25, 1], "texture": "#2"},
				"west": {"uv": [14, 0, 15.25, 1], "texture": "#2"},
				"up": {"uv": [14, 0, 15.25, 1], "texture": "#2"},
				"down": {"uv": [14, 0, 15.25, 1], "texture": "#2"}
			}
		},
		{
			"from": [7.9, 0.59239, 9.92258],
			"to": [8.1, 0.94239, 10.17258],
			"rotation": {"angle": 22.5, "axis": "x", "origin": [8, 0.69239, 10.17258]},
			"faces": {
				"north": {"uv": [14, 0, 15.25, 1], "texture": "#2"},
				"east": {"uv": [14, 0, 15.25, 1], "texture": "#2"},
				"south": {"uv": [14, 0, 15.25, 1], "texture": "#2"},
				"west": {"uv": [14, 0, 15.25, 1], "texture": "#2"},
				"up": {"uv": [14, 0, 15.25, 1], "texture": "#2"},
				"down": {"uv": [14, 0, 15.25, 1], "texture": "#2"}
			}
		},
		{
			"name": "octagon",
			"from": [7.79289, 4.375, -3.25],
			"to": [8.20711, 4.5, -3],
			"rotation": {"angle": 45, "axis": "z", "origin": [8, 4, -3.5]},
			"faces": {
				"north": {"uv": [15, 0, 16, 1.125], "texture": "#2", "rotation": 180},
				"east": {"uv": [15, 0, 16, 1.125], "texture": "#2", "rotation": 180},
				"south": {"uv": [15, 0, 16, 1.125], "texture": "#2", "rotation": 180},
				"west": {"uv": [15, 0, 16, 1.125], "texture": "#2", "rotation": 180},
				"up": {"uv": [15, 0, 16, 1.125], "texture": "#2", "rotation": 180},
				"down": {"uv": [15, 0, 16, 1.125], "texture": "#2", "rotation": 180}
			}
		},
		{
			"name": "octagon",
			"from": [7.79289, 4.375, -3.25],
			"to": [8.20711, 4.5, -3],
			"rotation": {"angle": 0, "axis": "z", "origin": [8, 4, -3.5]},
			"faces": {
				"north": {"uv": [15, 0, 16, 1.125], "texture": "#2", "rotation": 180},
				"east": {"uv": [15, 0, 16, 1.125], "texture": "#2", "rotation": 180},
				"south": {"uv": [15, 0, 16, 1.125], "texture": "#2", "rotation": 180},
				"west": {"uv": [15, 0, 16, 1.125], "texture": "#2", "rotation": 180},
				"up": {"uv": [15, 0, 16, 1.125], "texture": "#2", "rotation": 180},
				"down": {"uv": [15, 0, 16, 1.125], "texture": "#2", "rotation": 180}
			}
		},
		{
			"name": "octagon",
			"from": [7.79289, 3.5, -3.25],
			"to": [8.20711, 3.625, -3],
			"rotation": {"angle": 45, "axis": "z", "origin": [8, 4, -3.5]},
			"faces": {
				"north": {"uv": [15, 0, 16, 1.125], "texture": "#2", "rotation": 180},
				"east": {"uv": [15, 0, 16, 1.125], "texture": "#2", "rotation": 180},
				"south": {"uv": [15, 0, 16, 1.125], "texture": "#2", "rotation": 180},
				"west": {"uv": [15, 0, 16, 1.125], "texture": "#2", "rotation": 180},
				"up": {"uv": [15, 0, 16, 1.125], "texture": "#2", "rotation": 180},
				"down": {"uv": [15, 0, 16, 1.125], "texture": "#2", "rotation": 180}
			}
		},
		{
			"name": "octagon",
			"from": [7.79289, 3.5, -3.25],
			"to": [8.20711, 3.625, -3],
			"rotation": {"angle": 0, "axis": "z", "origin": [8, 4, -3.5]},
			"faces": {
				"north": {"uv": [15, 0, 16, 1.125], "texture": "#2", "rotation": 180},
				"east": {"uv": [15, 0, 16, 1.125], "texture": "#2", "rotation": 180},
				"south": {"uv": [15, 0, 16, 1.125], "texture": "#2", "rotation": 180},
				"west": {"uv": [15, 0, 16, 1.125], "texture": "#2", "rotation": 180},
				"up": {"uv": [15, 0, 16, 1.125], "texture": "#2", "rotation": 180},
				"down": {"uv": [15, 0, 16, 1.125], "texture": "#2", "rotation": 180}
			}
		},
		{
			"name": "octagon",
			"from": [7.5, 3.79289, -3.25],
			"to": [7.625, 4.20711, -3],
			"rotation": {"angle": 45, "axis": "z", "origin": [8, 4, -3.5]},
			"faces": {
				"north": {"uv": [15, 0, 16, 1.125], "texture": "#2", "rotation": 180},
				"east": {"uv": [15, 0, 16, 1.125], "texture": "#2", "rotation": 180},
				"south": {"uv": [15, 0, 16, 1.125], "texture": "#2", "rotation": 180},
				"west": {"uv": [15, 0, 16, 1.125], "texture": "#2", "rotation": 180},
				"up": {"uv": [15, 0, 16, 1.125], "texture": "#2", "rotation": 180},
				"down": {"uv": [15, 0, 16, 1.125], "texture": "#2", "rotation": 180}
			}
		},
		{
			"name": "octagon",
			"from": [7.5, 3.79289, -3.25],
			"to": [7.625, 4.20711, -3],
			"rotation": {"angle": 0, "axis": "z", "origin": [8, 4, -3.5]},
			"faces": {
				"north": {"uv": [15, 0, 16, 1.125], "texture": "#2", "rotation": 180},
				"east": {"uv": [15, 0, 16, 1.125], "texture": "#2", "rotation": 180},
				"south": {"uv": [15, 0, 16, 1.125], "texture": "#2", "rotation": 180},
				"west": {"uv": [15, 0, 16, 1.125], "texture": "#2", "rotation": 180},
				"up": {"uv": [15, 0, 16, 1.125], "texture": "#2", "rotation": 180},
				"down": {"uv": [15, 0, 16, 1.125], "texture": "#2", "rotation": 180}
			}
		},
		{
			"name": "octagon",
			"from": [8.375, 3.79289, -3.25],
			"to": [8.5, 4.20711, -3],
			"rotation": {"angle": 45, "axis": "z", "origin": [8, 4, -3.5]},
			"faces": {
				"north": {"uv": [15, 0, 16, 1.125], "texture": "#2", "rotation": 180},
				"east": {"uv": [15, 0, 16, 1.125], "texture": "#2", "rotation": 180},
				"south": {"uv": [15, 0, 16, 1.125], "texture": "#2", "rotation": 180},
				"west": {"uv": [15, 0, 16, 1.125], "texture": "#2", "rotation": 180},
				"up": {"uv": [15, 0, 16, 1.125], "texture": "#2", "rotation": 180},
				"down": {"uv": [15, 0, 16, 1.125], "texture": "#2", "rotation": 180}
			}
		},
		{
			"name": "octagon",
			"from": [8.375, 3.79289, -3.25],
			"to": [8.5, 4.20711, -3],
			"rotation": {"angle": 0, "axis": "z", "origin": [8, 4, -3.5]},
			"faces": {
				"north": {"uv": [15, 0, 16, 1.125], "texture": "#2", "rotation": 180},
				"east": {"uv": [15, 0, 16, 1.125], "texture": "#2", "rotation": 180},
				"south": {"uv": [15, 0, 16, 1.125], "texture": "#2", "rotation": 180},
				"west": {"uv": [15, 0, 16, 1.125], "texture": "#2", "rotation": 180},
				"up": {"uv": [15, 0, 16, 1.125], "texture": "#2", "rotation": 180},
				"down": {"uv": [15, 0, 16, 1.125], "texture": "#2", "rotation": 180}
			}
		},
		{
			"from": [7, 2.92678, -2.46967],
			"to": [9, 3.62678, -2.06967],
			"rotation": {"angle": -45, "axis": "x", "origin": [8, 2.67678, -1.96967]},
			"faces": {
				"north": {"uv": [0, 0, 0.4, 0.7], "texture": "#0"},
				"east": {"uv": [0, 0, 0.4, 0.7], "texture": "#0"},
				"south": {"uv": [0, 0, 0.4, 0.7], "texture": "#0"},
				"west": {"uv": [0, 0, 0.4, 0.7], "texture": "#0"},
				"up": {"uv": [0, 0, 0.4, 0.7], "texture": "#0"},
				"down": {"uv": [0, 0, 0.4, 0.7], "texture": "#0"}
			}
		},
		{
			"name": "octagon",
			"from": [8.45423, 5.46442, -2.75],
			"to": [8.66845, 5.56442, -2.5],
			"rotation": {"angle": 45, "axis": "z", "origin": [8.66134, 5.11442, -2.5]},
			"faces": {
				"north": {"uv": [0, 0, 0.21421, 0.1], "texture": "#2", "rotation": 180},
				"east": {"uv": [0, 0, 0.21421, 0.1], "texture": "#2", "rotation": 180},
				"south": {"uv": [0, 0, 0.21421, 0.1], "texture": "#2", "rotation": 180},
				"west": {"uv": [0, 0, 0.21421, 0.1], "texture": "#2", "rotation": 180},
				"up": {"uv": [0, 0, 0.21421, 0.1], "texture": "#2", "rotation": 180},
				"down": {"uv": [0, 0, 0.21421, 0.1], "texture": "#2", "rotation": 180}
			}
		},
		{
			"name": "octagon",
			"from": [8.19588, 5.08207, -2.75],
			"to": [8.29588, 5.29628, -2.5],
			"rotation": {"angle": -22.5, "axis": "z", "origin": [8.17088, 5.28918, -2.625]},
			"faces": {
				"north": {"uv": [0, 0, 0.1, 0.21421], "texture": "#2", "rotation": 270},
				"east": {"uv": [0, 0, 0.1, 0.21421], "texture": "#2", "rotation": 270},
				"south": {"uv": [0, 0, 0.1, 0.21421], "texture": "#2", "rotation": 270},
				"west": {"uv": [0, 0, 0.1, 0.21421], "texture": "#2", "rotation": 270},
				"up": {"uv": [0, 0, 0.1, 0.21421], "texture": "#2", "rotation": 270},
				"down": {"uv": [0, 0, 0.1, 0.21421], "texture": "#2", "rotation": 270}
			}
		},
		{
			"name": "octagon",
			"from": [7.79289, 4.95, -2.75],
			"to": [8.20711, 5.2, -2.5],
			"rotation": {"angle": 0, "axis": "z", "origin": [8, 5.55, -2.5]},
			"faces": {
				"north": {"uv": [0, 0, 0.41421, 0.25], "texture": "#2", "rotation": 180},
				"east": {"uv": [0, 0, 0.41421, 0.25], "texture": "#2", "rotation": 180},
				"south": {"uv": [0, 0, 0.41421, 0.25], "texture": "#2", "rotation": 180},
				"west": {"uv": [0, 0, 0.41421, 0.25], "texture": "#2", "rotation": 180},
				"up": {"uv": [0, 0, 0.41421, 0.25], "texture": "#2", "rotation": 180},
				"down": {"uv": [0, 0, 0.41421, 0.25], "texture": "#2", "rotation": 180}
			}
		},
		{
			"name": "octagon",
			"from": [7.70793, 5.06294, -2.75],
			"to": [7.80793, 5.27715, -2.5],
			"rotation": {"angle": 22.5, "axis": "z", "origin": [7.78293, 5.27004, -2.625]},
			"faces": {
				"north": {"uv": [0, 0, 0.1, 0.21421], "texture": "#2", "rotation": 180},
				"east": {"uv": [0, 0, 0.1, 0.21421], "texture": "#2", "rotation": 180},
				"south": {"uv": [0, 0, 0.1, 0.21421], "texture": "#2", "rotation": 180},
				"west": {"uv": [0, 0, 0.1, 0.21421], "texture": "#2", "rotation": 180},
				"up": {"uv": [0, 0, 0.1, 0.21421], "texture": "#2", "rotation": 180},
				"down": {"uv": [0, 0, 0.1, 0.21421], "texture": "#2", "rotation": 180}
			}
		},
		{
			"name": "octagon",
			"from": [7.68866, 4.90732, -2.75],
			"to": [7.78866, 5.12153, -2.5],
			"rotation": {"angle": 45, "axis": "z", "origin": [7.33866, 5.11442, -2.5]},
			"faces": {
				"north": {"uv": [0, 0, 0.1, 0.21421], "texture": "#2", "rotation": 180},
				"east": {"uv": [0, 0, 0.1, 0.21421], "texture": "#2", "rotation": 180},
				"south": {"uv": [0, 0, 0.1, 0.21421], "texture": "#2", "rotation": 180},
				"west": {"uv": [0, 0, 0.1, 0.21421], "texture": "#2", "rotation": 180},
				"up": {"uv": [0, 0, 0.1, 0.21421], "texture": "#2", "rotation": 180},
				"down": {"uv": [0, 0, 0.1, 0.21421], "texture": "#2", "rotation": 180}
			}
		},
		{
			"name": "octagon",
			"from": [7.79289, 5.45, 13],
			"to": [8.20711, 5.7, 13.25],
			"rotation": {"angle": 0, "axis": "z", "origin": [8, 6.05, 13.25]},
			"faces": {
				"north": {"uv": [0, 0, 0.41421, 0.25], "texture": "#2", "rotation": 180},
				"east": {"uv": [0, 0, 0.41421, 0.25], "texture": "#2", "rotation": 270},
				"south": {"uv": [0, 0, 0.41421, 0.25], "texture": "#2"},
				"west": {"uv": [0, 0, 0.41421, 0.25], "texture": "#2", "rotation": 90},
				"up": {"uv": [0, 0, 0.41421, 0.25], "texture": "#2", "rotation": 180},
				"down": {"uv": [0, 0, 0.41421, 0.25], "texture": "#2"}
			}
		},
		{
			"name": "octagon",
			"from": [7.79289, 5.55, 13],
			"to": [8.20711, 5.7, 13.25],
			"rotation": {"angle": 45, "axis": "z", "origin": [8, 6.05, 13.25]},
			"faces": {
				"north": {"uv": [0, 0, 0.41421, 0.15], "texture": "#2", "rotation": 180},
				"east": {"uv": [0, 0, 0.41421, 0.15], "texture": "#2", "rotation": 270},
				"south": {"uv": [0, 0, 0.41421, 0.15], "texture": "#2"},
				"west": {"uv": [0, 0, 0.41421, 0.15], "texture": "#2", "rotation": 90},
				"up": {"uv": [0, 0, 0.41421, 0.15], "texture": "#2", "rotation": 180},
				"down": {"uv": [0, 0, 0.41421, 0.15], "texture": "#2"}
			}
		},
		{
			"name": "octagon",
			"from": [8.35, 5.84289, 13],
			"to": [8.5, 6.25711, 13.25],
			"rotation": {"angle": 0, "axis": "z", "origin": [8, 6.05, 13.25]},
			"faces": {
				"north": {"uv": [0, 0, 0.15, 0.41421], "texture": "#2", "rotation": 180},
				"east": {"uv": [0, 0, 0.15, 0.41421], "texture": "#2", "rotation": 270},
				"south": {"uv": [0, 0, 0.15, 0.41421], "texture": "#2"},
				"west": {"uv": [0, 0, 0.15, 0.41421], "texture": "#2", "rotation": 90},
				"up": {"uv": [0, 0, 0.15, 0.41421], "texture": "#2", "rotation": 180},
				"down": {"uv": [0, 0, 0.15, 0.41421], "texture": "#2"}
			}
		},
		{
			"name": "octagon",
			"from": [8.35, 5.84289, 13],
			"to": [8.5, 6.25711, 13.25],
			"rotation": {"angle": 45, "axis": "z", "origin": [8, 6.05, 13.25]},
			"faces": {
				"north": {"uv": [0, 0, 0.15, 0.41421], "texture": "#2", "rotation": 180},
				"east": {"uv": [0, 0, 0.15, 0.41421], "texture": "#2", "rotation": 270},
				"south": {"uv": [0, 0, 0.15, 0.41421], "texture": "#2"},
				"west": {"uv": [0, 0, 0.15, 0.41421], "texture": "#2", "rotation": 90},
				"up": {"uv": [0, 0, 0.15, 0.41421], "texture": "#2", "rotation": 180},
				"down": {"uv": [0, 0, 0.15, 0.41421], "texture": "#2"}
			}
		},
		{
			"name": "octagon",
			"from": [7.79289, 6.4, 13],
			"to": [8.20711, 6.55, 13.25],
			"rotation": {"angle": 45, "axis": "z", "origin": [8, 6.05, 13.25]},
			"faces": {
				"north": {"uv": [0, 0, 0.41421, 0.15], "texture": "#2", "rotation": 180},
				"east": {"uv": [0, 0, 0.41421, 0.15], "texture": "#2", "rotation": 270},
				"south": {"uv": [0, 0, 0.41421, 0.15], "texture": "#2"},
				"west": {"uv": [0, 0, 0.41421, 0.15], "texture": "#2", "rotation": 90},
				"up": {"uv": [0, 0, 0.41421, 0.15], "texture": "#2", "rotation": 180},
				"down": {"uv": [0, 0, 0.41421, 0.15], "texture": "#2"}
			}
		},
		{
			"name": "octagon",
			"from": [7.5, 5.84289, 13],
			"to": [7.65, 6.25711, 13.25],
			"rotation": {"angle": 0, "axis": "z", "origin": [8, 6.05, 13.25]},
			"faces": {
				"north": {"uv": [0, 0, 0.15, 0.41421], "texture": "#2", "rotation": 180},
				"east": {"uv": [0, 0, 0.15, 0.41421], "texture": "#2", "rotation": 270},
				"south": {"uv": [0, 0, 0.15, 0.41421], "texture": "#2"},
				"west": {"uv": [0, 0, 0.15, 0.41421], "texture": "#2", "rotation": 90},
				"up": {"uv": [0, 0, 0.15, 0.41421], "texture": "#2", "rotation": 180},
				"down": {"uv": [0, 0, 0.15, 0.41421], "texture": "#2"}
			}
		},
		{
			"name": "octagon",
			"from": [7.5, 5.84289, 13],
			"to": [7.65, 6.25711, 13.25],
			"rotation": {"angle": 45, "axis": "z", "origin": [8, 6.05, 13.25]},
			"faces": {
				"north": {"uv": [0, 0, 0.15, 0.41421], "texture": "#2", "rotation": 180},
				"east": {"uv": [0, 0, 0.15, 0.41421], "texture": "#2", "rotation": 270},
				"south": {"uv": [0, 0, 0.15, 0.41421], "texture": "#2"},
				"west": {"uv": [0, 0, 0.15, 0.41421], "texture": "#2", "rotation": 90},
				"up": {"uv": [0, 0, 0.15, 0.41421], "texture": "#2", "rotation": 180},
				"down": {"uv": [0, 0, 0.15, 0.41421], "texture": "#2"}
			}
		},
		{
			"name": "octagon",
			"from": [7.9429, 5.2, -2.75],
			"to": [8.05711, 5.45, -2.5],
			"rotation": {"angle": 0, "axis": "z", "origin": [8.05001, 5.75, -2.5]},
			"faces": {
				"north": {"uv": [0, 0, 0.11421, 0.25], "texture": "#2", "rotation": 180},
				"east": {"uv": [0, 0, 0.11421, 0.25], "texture": "#2", "rotation": 180},
				"south": {"uv": [0, 0, 0.11421, 0.25], "texture": "#2", "rotation": 180},
				"west": {"uv": [0, 0, 0.11421, 0.25], "texture": "#2", "rotation": 180},
				"up": {"uv": [0, 0, 0.11421, 0.25], "texture": "#2", "rotation": 180},
				"down": {"uv": [0, 0, 0.11421, 0.25], "texture": "#2", "rotation": 180}
			}
		},
		{
			"from": [7.25, 0.82122, 14.88137],
			"to": [8.75, 4.52122, 15.63137],
			"faces": {
				"north": {"uv": [0, 0, 0.75, 3.7], "texture": "#2"},
				"east": {"uv": [0, 0, 0.75, 3.7], "texture": "#2"},
				"south": {"uv": [0, 0, 0.75, 3.7], "texture": "#2"},
				"west": {"uv": [0, 0, 0.75, 3.7], "texture": "#2"},
				"up": {"uv": [0, 0, 0.75, 3.7], "texture": "#2"},
				"down": {"uv": [0, 0, 0.75, 3.7], "texture": "#2"}
			}
		},
		{
			"from": [7.25, 2.57122, 13.88137],
			"to": [8.75, 4.52122, 14.88137],
			"faces": {
				"north": {"uv": [0, 0, 1, 1.95], "texture": "#2"},
				"east": {"uv": [0, 0, 1, 1.95], "texture": "#2"},
				"south": {"uv": [0, 0, 1, 1.95], "texture": "#2"},
				"west": {"uv": [0, 0, 1, 1.95], "texture": "#2"},
				"up": {"uv": [0, 0, 1, 1.95], "texture": "#2"},
				"down": {"uv": [0, 0, 1, 1.95], "texture": "#2"}
			}
		},
		{
			"from": [7.25, 1.07122, 19.13137],
			"to": [8.75, 4.52122, 19.88137],
			"faces": {
				"north": {"uv": [0, 0, 0.75, 3.45], "texture": "#2"},
				"east": {"uv": [0, 0, 0.75, 3.45], "texture": "#2"},
				"south": {"uv": [0, 0, 0.75, 3.45], "texture": "#2"},
				"west": {"uv": [0, 0, 0.75, 3.45], "texture": "#2"},
				"up": {"uv": [0, 0, 0.75, 3.45], "texture": "#2"},
				"down": {"uv": [0, 0, 0.75, 3.45], "texture": "#2"}
			}
		},
		{
			"from": [7.25, 3.82122, 15.63137],
			"to": [8.75, 4.52122, 19.13137],
			"faces": {
				"north": {"uv": [0, 0, 3.5, 0.7], "texture": "#2"},
				"east": {"uv": [0, 0, 3.5, 0.7], "texture": "#2"},
				"south": {"uv": [0, 0, 3.5, 0.7], "texture": "#2"},
				"west": {"uv": [0, 0, 3.5, 0.7], "texture": "#2"},
				"up": {"uv": [0, 0, 3.5, 0.7], "texture": "#2"},
				"down": {"uv": [0, 0, 3.5, 0.7], "texture": "#2"}
			}
		},
		{
			"from": [7.25, 1.57122, 15.63137],
			"to": [8.75, 2.27122, 19.13137],
			"faces": {
				"north": {"uv": [0, 0, 3.5, 0.7], "texture": "#2"},
				"east": {"uv": [0, 0, 3.5, 0.7], "texture": "#2"},
				"south": {"uv": [0, 0, 3.5, 0.7], "texture": "#2"},
				"west": {"uv": [0, 0, 3.5, 0.7], "texture": "#2"},
				"up": {"uv": [0, 0, 3.5, 0.7], "texture": "#2"},
				"down": {"uv": [0, 0, 3.5, 0.7], "texture": "#2"}
			}
		},
		{
			"from": [7.25, 0.82122, 15.63137],
			"to": [8.75, 1.62122, 16.88137],
			"faces": {
				"north": {"uv": [0, 0, 1.25, 0.8], "texture": "#2"},
				"east": {"uv": [0, 0, 1.25, 0.8], "texture": "#2"},
				"south": {"uv": [0, 0, 1.25, 0.8], "texture": "#2"},
				"west": {"uv": [0, 0, 1.25, 0.8], "texture": "#2"},
				"up": {"uv": [0, 0, 1.25, 0.8], "texture": "#2"},
				"down": {"uv": [0, 0, 1.25, 0.8], "texture": "#2"}
			}
		},
		{
			"from": [7.5, 2.17122, 15.63137],
			"to": [8.5, 3.87122, 19.13137],
			"faces": {
				"north": {"uv": [0, 0, 3.5, 1.7], "texture": "#1"},
				"east": {"uv": [0, 0, 3.5, 1.7], "texture": "#1"},
				"south": {"uv": [0, 0, 3.5, 1.7], "texture": "#1"},
				"west": {"uv": [0, 0, 3.5, 1.7], "texture": "#1"},
				"up": {"uv": [0, 0, 3.5, 1.7], "texture": "#1"},
				"down": {"uv": [0, 0, 3.5, 1.7], "texture": "#1"}
			}
		},
		{
			"from": [7.25, 2.02122, 16.03137],
			"to": [8.75, 4.02122, 16.73137],
			"rotation": {"angle": 22.5, "axis": "x", "origin": [8, 3.17122, 16.38137]},
			"faces": {
				"north": {"uv": [0, 0, 2, 0.7], "texture": "#2", "rotation": 270},
				"east": {"uv": [0, 0, 2, 0.7], "texture": "#2", "rotation": 270},
				"south": {"uv": [0, 0, 2, 0.7], "texture": "#2", "rotation": 270},
				"west": {"uv": [0, 0, 2, 0.7], "texture": "#2", "rotation": 270},
				"up": {"uv": [0, 0, 2, 0.7], "texture": "#2", "rotation": 270},
				"down": {"uv": [0, 0, 2, 0.7], "texture": "#2", "rotation": 270}
			}
		},
		{
			"from": [7.25, 2.02122, 17.0814],
			"to": [8.75, 4.02122, 17.7814],
			"rotation": {"angle": 22.5, "axis": "x", "origin": [8, 3.17122, 17.4314]},
			"faces": {
				"north": {"uv": [0, 0, 2, 0.7], "texture": "#2", "rotation": 270},
				"east": {"uv": [0, 0, 2, 0.7], "texture": "#2", "rotation": 270},
				"south": {"uv": [0, 0, 2, 0.7], "texture": "#2", "rotation": 270},
				"west": {"uv": [0, 0, 2, 0.7], "texture": "#2", "rotation": 270},
				"up": {"uv": [0, 0, 2, 0.7], "texture": "#2", "rotation": 270},
				"down": {"uv": [0, 0, 2, 0.7], "texture": "#2", "rotation": 270}
			}
		},
		{
			"from": [7.25, 2.02122, 18.13137],
			"to": [8.75, 4.02122, 18.83137],
			"rotation": {"angle": 22.5, "axis": "x", "origin": [8, 3.17122, 18.48137]},
			"faces": {
				"north": {"uv": [0, 0, 2, 0.7], "texture": "#2", "rotation": 270},
				"east": {"uv": [0, 0, 2, 0.7], "texture": "#2", "rotation": 270},
				"south": {"uv": [0, 0, 2, 0.7], "texture": "#2", "rotation": 270},
				"west": {"uv": [0, 0, 2, 0.7], "texture": "#2", "rotation": 270},
				"up": {"uv": [0, 0, 2, 0.7], "texture": "#2", "rotation": 270},
				"down": {"uv": [0, 0, 2, 0.7], "texture": "#2", "rotation": 270}
			}
		}
	],
	"display": {
		"thirdperson_righthand": {
			"scale": [1, 1.25, 1.25],
			"translation": [-6, 7.5, -2]
		},
		"firstperson_righthand": {
			"translation": [0, 6, -1]
		},
		"thirdperson_lefthand": {
			"scale": [1, 1.25, 1.25],
			"translation": [-6, 7.5, -2]
		},
		"firstperson_lefthand": {
			"translation": [0, 6, -1]
		},
		"head": {
			"scale": [1.15, 1.5, 1.5],
			"rotation": [90, -149, 90],
			"translation": [6, -17.5, 4]
		},
		"ground": {
			"scale": [1, 1.25, 1.25],
			"translation": [0, 10, -3.5]
		},
		"fixed": {
			"rotation": [0, 90, 0],
			"translation": [-1.5, 5, -1.5],
			"scale": [1, 1.25, 1.25]
		},
		"gui": {
			"scale": [0.75, 0.85, 0.85],
			"rotation": [20, 139, 0],
			"translation": [-1, 2.5, 0]
		}
	},
	"groups": [0, 1, 2, 3,
		{
			"name": "octagon",
			"isOpen": true,
			"shade": true,
			"display": {
				"visibility": true,
				"autouv": true
			},
			"children": [4, 5, 6, 7, 8, 9, 10, 11, 12, 13, 14, 15]
		}, 16, 17, 18, 19, 20, 21, 22, 23, 24, 25, 26, 27,
		{
			"name": "octagon",
			"isOpen": true,
			"shade": true,
			"display": {
				"visibility": true,
				"autouv": true
			},
			"children": [28, 29, 30, 31, 32, 33, 34, 35]
		}, 36,
		{
			"name": "octagon",
			"isOpen": true,
			"shade": true,
			"display": {
				"visibility": true,
				"autouv": true
			},
			"children": [37, 38, 39, 40, 41, 42, 43, 44, 45, 46, 47, 48, 49]
		}, 50, 51, 52, 53, 54, 55, 56, 57, 58, 59]
}