{
	"credit": "Made with Blockbench",
	"textures": {
		"0": "custom/black-metal",
		"1": "custom/brushed-metal"
	},
	"elements": [
		{
			"from": [4.5, 5, -1],
			"to": [9.5, 6, 14],
			"faces": {
				"north": {"uv": [0, 12, 5, 13], "texture": "#1"},
				"east": {"uv": [0, 4, 15, 5], "texture": "#1"},
				"south": {"uv": [0, 0, 5, 1], "texture": "#1"},
				"west": {"uv": [0, 8, 15, 9], "texture": "#1"},
				"up": {"uv": [0, 0, 5, 15], "texture": "#1"},
				"down": {"uv": [0, 0, 5, 15], "texture": "#1"}
			}
		},
		{
			"from": [4.5, 5, 14],
			"to": [9.5, 8.5, 30.1],
			"faces": {
				"north": {"uv": [0, 0, 5, 3.5], "texture": "#1"},
				"east": {"uv": [0, 12, 16, 15.5], "texture": "#1"},
				"south": {"uv": [0, 0, 5, 3.5], "texture": "#1"},
				"west": {"uv": [0, 4, 16, 7.5], "texture": "#1"},
				"up": {"uv": [0, 0, 5, 16], "texture": "#1"},
				"down": {"uv": [0, 0, 5, 16], "texture": "#1"}
			}
		},
		{
			"from": [5, 6, -1],
			"to": [9, 9, 14],
			"faces": {
				"north": {"uv": [0, 12, 4, 16], "texture": "#1"},
				"east": {"uv": [0, 2, 15, 5], "texture": "#1"},
				"south": {"uv": [0, 0, 4, 3], "texture": "#1"},
				"west": {"uv": [0, 7, 15, 10], "texture": "#1"},
				"up": {"uv": [0, 0, 4, 15], "texture": "#1"},
				"down": {"uv": [0, 0, 4, 15], "texture": "#1"}
			}
		},
		{
			"from": [5.15, 7.95, -1],
			"to": [5.95, 9.35, 14],
			"rotation": {"angle": -45, "axis": "z", "origin": [6.35, 8.65, 13.5]},
			"faces": {
				"north": {"uv": [0, 0, 0.8, 1.4], "texture": "#1"},
				"east": {"uv": [0, 0, 15, 1.4], "texture": "#1"},
				"south": {"uv": [0, 0, 0.8, 1.4], "texture": "#1"},
				"west": {"uv": [0, 11, 15, 12.4], "texture": "#1"},
				"up": {"uv": [0, 0, 0.8, 15], "texture": "#1"},
				"down": {"uv": [0, 0, 0.8, 15], "texture": "#1"}
			}
		},
		{
			"from": [6, 8.35, -1],
			"to": [8, 10, 30.1],
			"faces": {
				"north": {"uv": [0, 0, 2, 1.65], "texture": "#1"},
				"east": {"uv": [0, 0, 16, 1.65], "texture": "#1"},
				"south": {"uv": [0, 0, 2, 1.65], "texture": "#1"},
				"west": {"uv": [0, 0, 16, 1.65], "texture": "#1"},
				"up": {"uv": [0, 0, 2, 16], "texture": "#1"},
				"down": {"uv": [0, 0, 2, 16], "texture": "#1"}
			}
		},
		{
			"from": [7.85, 8.5, -1],
			"to": [9.25, 9.3, 14],
			"rotation": {"angle": -45, "axis": "z", "origin": [8.75, 9.5, 13.5]},
			"faces": {
				"north": {"uv": [0, 0, 1.4, 0.8], "texture": "#1", "rotation": 180},
				"east": {"uv": [0, 0, 15, 0.8], "texture": "#1", "rotation": 180},
				"south": {"uv": [0, 0, 1.4, 0.8], "texture": "#1", "rotation": 180},
				"west": {"uv": [0, 0, 15, 0.8], "texture": "#1", "rotation": 180},
				"up": {"uv": [0, 0, 1.4, 15], "texture": "#1", "rotation": 180},
				"down": {"uv": [0, 0, 1.4, 15], "texture": "#1", "rotation": 180}
			}
		},
		{
			"from": [7.85, 7.75, 14],
			"to": [10, 9.3, 30.1],
			"rotation": {"angle": -45, "axis": "z", "origin": [8.75, 9.5, 25.5]},
			"faces": {
				"north": {"uv": [0, 0, 2.15, 1.55], "texture": "#1", "rotation": 180},
				"east": {"uv": [0, 0, 16, 1.55], "texture": "#1", "rotation": 180},
				"south": {"uv": [0, 0, 2.15, 1.55], "texture": "#1", "rotation": 180},
				"west": {"uv": [0, 0, 16, 1.55], "texture": "#1", "rotation": 180},
				"up": {"uv": [0, 0, 2.15, 16], "texture": "#1", "rotation": 180},
				"down": {"uv": [0, 0, 2.15, 16], "texture": "#1", "rotation": 180}
			}
		},
		{
			"from": [5.15, 7.2, 14],
			"to": [6.95, 9.35, 30.1],
			"rotation": {"angle": -45, "axis": "z", "origin": [6.35, 8.65, 28.5]},
			"faces": {
				"north": {"uv": [0, 0, 1.8, 2.15], "texture": "#1"},
				"east": {"uv": [0, 0, 16, 2.15], "texture": "#1"},
				"south": {"uv": [0, 0, 1.8, 2.15], "texture": "#1"},
				"west": {"uv": [0, 7, 16, 9.15], "texture": "#1"},
				"up": {"uv": [0, 0, 1.8, 16], "texture": "#1"},
				"down": {"uv": [0, 0, 1.8, 16], "texture": "#1"}
			}
		},
		{
			"from": [5, 2.5, -1],
			"to": [9, 4.5, 14],
			"faces": {
				"north": {"uv": [0, 0, 4, 2], "texture": "#0"},
				"east": {"uv": [0, 0, 15, 2], "texture": "#0"},
				"south": {"uv": [0, 0, 4, 2], "texture": "#0"},
				"west": {"uv": [0, 0, 15, 2], "texture": "#0"},
				"up": {"uv": [0, 0, 4, 15], "texture": "#0"},
				"down": {"uv": [0, 0, 4, 15], "texture": "#0"}
			}
		},
		{
			"from": [4.5, 2.5, 14],
			"to": [9.5, 5, 30.1],
			"faces": {
				"north": {"uv": [0, 0, 5, 2.5], "texture": "#0"},
				"east": {"uv": [0, 0, 16, 2.5], "texture": "#0"},
				"south": {"uv": [0, 0, 5, 2.5], "texture": "#0"},
				"west": {"uv": [0, 0, 16, 2.5], "texture": "#0"},
				"up": {"uv": [0, 0, 5, 16], "texture": "#0"},
				"down": {"uv": [0, 0, 5, 16], "texture": "#0"}
			}
		},
		{
			"from": [4.5, 4.5, 2],
			"to": [9.5, 5, 14],
			"faces": {
				"north": {"uv": [0, 0, 5, 0.5], "texture": "#0"},
				"east": {"uv": [0, 0, 12, 0.5], "texture": "#0"},
				"south": {"uv": [0, 0, 5, 0.5], "texture": "#0"},
				"west": {"uv": [0, 0, 12, 0.5], "texture": "#0"},
				"up": {"uv": [0, 0, 5, 12], "texture": "#0"},
				"down": {"uv": [0, 0, 5, 12], "texture": "#0"}
			}
		},
		{
			"from": [4.5, 4.35, 28.7],
			"to": [9.5, 8.35, 31],
			"rotation": {"angle": -22.5, "axis": "x", "origin": [7, 5.85, 29.9]},
			"faces": {
				"north": {"uv": [0, 0, 5, 4], "texture": "#1"},
				"east": {"uv": [0, 0, 2.3, 4], "texture": "#1"},
				"south": {"uv": [0, 0, 5, 4], "texture": "#1"},
				"west": {"uv": [0, 0, 2.3, 4], "texture": "#1"},
				"up": {"uv": [0, 0, 5, 2.3], "texture": "#1"},
				"down": {"uv": [0, 0, 5, 2.3], "texture": "#1"}
			}
		},
		{
			"from": [4.5, -0.65, 24.95],
			"to": [9.5, 1.85, 30.2],
			"rotation": {"angle": -22.5, "axis": "x", "origin": [7, 0.6, 22.2]},
			"faces": {
				"north": {"uv": [0, 0, 5, 2.5], "texture": "#0"},
				"east": {"uv": [0, 0, 5.25, 2.5], "texture": "#0"},
				"south": {"uv": [0, 0, 5, 2.5], "texture": "#0"},
				"west": {"uv": [0, 0, 5.25, 2.5], "texture": "#0"},
				"up": {"uv": [0, 0, 5, 5.25], "texture": "#0"},
				"down": {"uv": [0, 0, 5, 5.25], "texture": "#0"}
			}
		},
		{
			"from": [4.5, -12.45, 23.35],
			"to": [9.5, -9.9, 29.5],
			"rotation": {"angle": 0, "axis": "x", "origin": [7, -8.95, 25.95]},
			"faces": {
				"north": {"uv": [0, 0, 5, 2.55], "texture": "#0"},
				"east": {"uv": [0, 0, 6.15, 2.55], "texture": "#0"},
				"south": {"uv": [0, 0, 5, 2.55], "texture": "#0"},
				"west": {"uv": [0, 0, 6.15, 2.55], "texture": "#0"},
				"up": {"uv": [0, 0, 5, 6.15], "texture": "#0"},
				"down": {"uv": [0, 0, 5, 6.15], "texture": "#0"}
			}
		},
		{
			"from": [4.5, -11.55, 19.25],
			"to": [9.5, 4.65, 26],
			"rotation": {"angle": -22.5, "axis": "x", "origin": [7, -1.8, 23.5]},
			"faces": {
				"north": {"uv": [0, 0, 5, 16], "texture": "#0"},
				"east": {"uv": [0, 0, 6.75, 16], "texture": "#0"},
				"south": {"uv": [0, 0, 5, 16], "texture": "#0"},
				"west": {"uv": [0, 0, 6.75, 16], "texture": "#0"},
				"up": {"uv": [0, 0, 5, 6.75], "texture": "#0"},
				"down": {"uv": [0, 0, 5, 6.75], "texture": "#0"}
			}
		},
		{
			"from": [4.5, -2.45, 24.9],
			"to": [9.5, 1.8, 26.55],
			"rotation": {"angle": 0, "axis": "x", "origin": [7, 2.75, 23.5]},
			"faces": {
				"north": {"uv": [0, 0, 5, 4.25], "texture": "#0"},
				"east": {"uv": [0, 0, 1.65, 4.25], "texture": "#0"},
				"south": {"uv": [0, 0, 5, 4.25], "texture": "#0"},
				"west": {"uv": [0, 0, 1.65, 4.25], "texture": "#0"},
				"up": {"uv": [0, 0, 5, 1.65], "texture": "#0"},
				"down": {"uv": [0, 0, 5, 1.65], "texture": "#0"}
			}
		},
		{
			"from": [5, 1.5, 7],
			"to": [9, 2.5, 14],
			"faces": {
				"north": {"uv": [0, 0, 4, 1], "texture": "#0"},
				"east": {"uv": [0, 0, 7, 1], "texture": "#0"},
				"south": {"uv": [0, 0, 4, 1], "texture": "#0"},
				"west": {"uv": [0, 0, 7, 1], "texture": "#0"},
				"up": {"uv": [0, 0, 4, 7], "texture": "#0"},
				"down": {"uv": [0, 0, 4, 7], "texture": "#0"}
			}
		},
		{
			"from": [5.75, -3.6, 9],
			"to": [8.25, 2, 10],
			"rotation": {"angle": -22.5, "axis": "x", "origin": [7, 0, 9.5]},
			"faces": {
				"north": {"uv": [0, 0, 2.5, 5.6], "texture": "#0", "rotation": 180},
				"east": {"uv": [0, 0, 1, 5.6], "texture": "#0", "rotation": 180},
				"south": {"uv": [0, 0, 2.5, 5.6], "texture": "#0", "rotation": 180},
				"west": {"uv": [0, 0, 1, 5.6], "texture": "#0", "rotation": 180},
				"up": {"uv": [0, 0, 2.5, 1], "texture": "#0", "rotation": 180},
				"down": {"uv": [0, 0, 2.5, 1], "texture": "#0", "rotation": 180}
			}
		},
		{
			"from": [5.75, -3.5, 10.5],
			"to": [8.25, -2.5, 19.5],
			"faces": {
				"north": {"uv": [0, 0, 2.5, 1], "texture": "#0"},
				"east": {"uv": [0, 0, 9, 1], "texture": "#0"},
				"south": {"uv": [0, 0, 2.5, 1], "texture": "#0"},
				"west": {"uv": [0, 0, 9, 1], "texture": "#0"},
				"up": {"uv": [0, 0, 2.5, 9], "texture": "#0"},
				"down": {"uv": [0, 0, 2.5, 9], "texture": "#0"}
			}
		},
		{
			"from": [4.5, 1.5, 14],
			"to": [9.5, 2.5, 18],
			"faces": {
				"north": {"uv": [0, 0, 5, 1], "texture": "#0"},
				"east": {"uv": [0, 0, 4, 1], "texture": "#0"},
				"south": {"uv": [0, 0, 5, 1], "texture": "#0"},
				"west": {"uv": [0, 0, 4, 1], "texture": "#0"},
				"up": {"uv": [0, 0, 5, 4], "texture": "#0"},
				"down": {"uv": [0, 0, 5, 4], "texture": "#0"}
			}
		},
		{
			"from": [6.25, -0.15, 14.5],
			"to": [8, 1.85, 15.5],
			"rotation": {"angle": 22.5, "axis": "x", "origin": [7, -0.15, 15]},
			"faces": {
				"north": {"uv": [0, 0, 1.75, 2], "texture": "#0", "rotation": 270},
				"east": {"uv": [0, 0, 1, 2], "texture": "#0", "rotation": 270},
				"south": {"uv": [0, 0, 1.75, 2], "texture": "#0", "rotation": 270},
				"west": {"uv": [0, 0, 1, 2], "texture": "#0", "rotation": 270},
				"up": {"uv": [0, 0, 1.75, 1], "texture": "#0", "rotation": 270},
				"down": {"uv": [0, 0, 1.75, 1], "texture": "#0", "rotation": 270}
			}
		},
		{
			"from": [6.25, -1.95, 14.65],
			"to": [8, 0.05, 15.65],
			"rotation": {"angle": 45, "axis": "x", "origin": [7, 0.05, 15.15]},
			"faces": {
				"north": {"uv": [0, 0, 1.75, 2], "texture": "#0", "rotation": 270},
				"east": {"uv": [0, 0, 1, 2], "texture": "#0", "rotation": 270},
				"south": {"uv": [0, 0, 1.75, 2], "texture": "#0", "rotation": 270},
				"west": {"uv": [0, 0, 1, 2], "texture": "#0", "rotation": 270},
				"up": {"uv": [0, 0, 1.75, 1], "texture": "#0", "rotation": 270},
				"down": {"uv": [0, 0, 1.75, 1], "texture": "#0", "rotation": 270}
			}
		},
		{
			"from": [5, 4.5, -1],
			"to": [9, 5, 3],
			"faces": {
				"north": {"uv": [0, 0, 4, 0.5], "texture": "#0"},
				"east": {"uv": [0, 0, 4, 0.5], "texture": "#0"},
				"south": {"uv": [0, 0, 4, 0.5], "texture": "#0"},
				"west": {"uv": [0, 0, 4, 0.5], "texture": "#0"},
				"up": {"uv": [0, 0, 4, 4], "texture": "#0"},
				"down": {"uv": [0, 0, 4, 4], "texture": "#0"}
			}
		},
		{
			"from": [6.95, 9.4, -1],
			"to": [7.05, 10.15, 0.85],
			"rotation": {"angle": 22.5, "axis": "x", "origin": [7, 9.775, 0.5]},
			"faces": {
				"north": {"uv": [0, 0, 0.1, 0.75], "texture": "#0"},
				"east": {"uv": [0, 0, 1.85, 0.75], "texture": "#0"},
				"south": {"uv": [0, 0, 0.1, 0.75], "texture": "#0"},
				"west": {"uv": [0, 0, 1.85, 0.75], "texture": "#0"},
				"up": {"uv": [0, 0, 0.1, 1.85], "texture": "#0"},
				"down": {"uv": [0, 0, 0.1, 1.85], "texture": "#0"}
			}
		},
		{
			"from": [6.2, 9.5, 25.3],
			"to": [7.8, 10.1, 27.1],
			"faces": {
				"north": {"uv": [0, 0, 1.6, 0.6], "texture": "#0"},
				"east": {"uv": [0, 0, 1.8, 0.6], "texture": "#0"},
				"south": {"uv": [0, 0, 1.6, 0.6], "texture": "#0"},
				"west": {"uv": [0, 0, 1.8, 0.6], "texture": "#0"},
				"up": {"uv": [0, 0, 1.6, 1.8], "texture": "#0"},
				"down": {"uv": [0, 0, 1.6, 1.8], "texture": "#0"}
			}
		},
		{
			"from": [6.2, 10.1, 25.3],
			"to": [6.45, 10.6, 27.1],
			"faces": {
				"north": {"uv": [0, 0, 0.25, 0.5], "texture": "#0"},
				"east": {"uv": [0, 0, 1.8, 0.5], "texture": "#0"},
				"south": {"uv": [0, 0, 0.25, 0.5], "texture": "#0"},
				"west": {"uv": [0, 0, 1.8, 0.5], "texture": "#0"},
				"up": {"uv": [0, 0, 0.25, 1.8], "texture": "#0"},
				"down": {"uv": [0, 0, 0.25, 1.8], "texture": "#0"}
			}
		},
		{
			"from": [7.55, 10.1, 25.3],
			"to": [7.8, 10.6, 27.1],
			"faces": {
				"north": {"uv": [0, 0, 0.25, 0.5], "texture": "#0"},
				"east": {"uv": [0, 0, 1.8, 0.5], "texture": "#0"},
				"south": {"uv": [0, 0, 0.25, 0.5], "texture": "#0"},
				"west": {"uv": [0, 0, 1.8, 0.5], "texture": "#0"},
				"up": {"uv": [0, 0, 0.25, 1.8], "texture": "#0"},
				"down": {"uv": [0, 0, 0.25, 1.8], "texture": "#0"}
			}
		},
		{
			"from": [4.5, 2.7, 28.7],
			"to": [9.5, 4.35, 31],
			"rotation": {"angle": -22.5, "axis": "x", "origin": [7, 5.85, 29.9]},
			"faces": {
				"north": {"uv": [0, 0, 5, 1.65], "texture": "#0"},
				"east": {"uv": [0, 0, 2.3, 1.65], "texture": "#0"},
				"south": {"uv": [0, 0, 5, 1.65], "texture": "#0"},
				"west": {"uv": [0, 0, 2.3, 1.65], "texture": "#0"},
				"up": {"uv": [0, 0, 5, 2.3], "texture": "#0"},
				"down": {"uv": [0, 0, 5, 2.3], "texture": "#0"}
			}
		}
	],
	"display": {
		"thirdperson_righthand": {
			"scale": [0.3, 0.3, 0.3],
			"translation": [0, 2, -1]
		},
		"ground": {
			"scale": [0.3, 0.3, 0.3],
			"translation": [0, 5, -3]
		},
		"thirdperson_lefthand": {
			"scale": [0.3, 0.3, 0.3],
			"translation": [0, 2, -1]
		},
		"firstperson_righthand": {
			"translation": [1.5, 3, -5.5],
			"scale": [0.6, 0.6, 0.6]
		},
		"firstperson_lefthand": {
			"translation": [0, 3, -5.5],
			"scale": [0.6, 0.6, 0.6]
		},
		"head": {
			"scale": [0.3, 0.3, 0.3],
			"rotation": [-90, 31, 90],
			"translation": [1.5, -23.5, 3.5]
		},
		"gui": {
			"scale": [0.5, 0.5, 0.5],
			"rotation": [29, 136, 0],
			"translation": [-3, 1.5, 0]
		},
		"fixed": {
			"scale": [0.5, 0.5, 0.5],
			"rotation": [0, 90, 0],
			"translation": [-4, 4, -1.5]
		}
	}
}